position,driver_number,number_of_laps,points,dnf,dns,dsq,duration,gap_to_leader,meeting_key_x,session_key_x,meeting_key_y,session_key_y,broadcast_name,full_name,name_acronym,team_name,team_colour,first_name,last_name,headshot_url,country_code
1.0,1,57.0,26.0,False,False,False,5504.742,0,1229,9472,1229,9472,M VERSTAPPEN,Max VERSTAPPEN,VER,Red Bull Racing,3671c6,Max,Verstappen,https://media.formula1.com/d_driver_fallback_image.png/content/dam/fom-website/drivers/M/MAXVER01_Max_Verstappen/maxver01.png.transform/1col/image.png,NED
2.0,11,57.0,18.0,False,False,False,5527.199,22.457,1229,9472,1229,9472,S PEREZ,Sergio PEREZ,PER,Red Bull Racing,3671c6,Sergio,Perez,https://media.formula1.com/d_driver_fallback_image.png/content/dam/fom-website/drivers/S/SERPER01_Sergio_Perez/serper01.png.transform/1col/image.png,MEX
3.0,55,57.0,15.0,False,False,False,5529.852,25.11,1229,9472,1229,9472,C SAINZ,Carlos SAINZ,SAI,Ferrari,e8002d,Carlos,Sainz,https://media.formula1.com/d_driver_fallback_image.png/content/dam/fom-website/drivers/C/CARSAI01_Carlos_Sainz/carsai01.png.transform/1col/image.png,ESP
4.0,16,57.0,12.0,False,False,False,5544.411,39.669,1229,9472,1229,9472,C LECLERC,Charles LECLERC,LEC,Ferrari,e8002d,Charles,Leclerc,https://media.formula1.com/d_driver_fallback_image.png/content/dam/fom-website/drivers/C/CHALEC01_Charles_Leclerc/chalec01.png.transform/1col/image.png,MON
5.0,63,57.0,10.0,False,False,False,5551.53,46.788,1229,9472,1229,9472,G RUSSELL,George RUSSELL,RUS,Mercedes,27f4d2,George,Russell,https://media.formula1.com/d_driver_fallback_image.png/content/dam/fom-website/drivers/G/GEORUS01_George_Russell/georus01.png.transform/1col/image.png,GBR
6.0,4,57.0,8.0,False,False,False,5553.2,48.458,1229,9472,1229,9472,L NORRIS,Lando NORRIS,NOR,McLaren,ff8000,Lando,Norris,https://media.formula1.com/d_driver_fallback_image.png/content/dam/fom-website/drivers/L/LANNOR01_Lando_Norris/lannor01.png.transform/1col/image.png,GBR
7.0,44,57.0,6.0,False,False,False,5555.066,50.324,1229,9472,1229,9472,L HAMILTON,Lewis HAMILTON,HAM,Mercedes,27f4d2,Lewis,Hamilton,https://media.formula1.com/d_driver_fallback_image.png/content/dam/fom-website/drivers/L/LEWHAM01_Lewis_Hamilton/lewham01.png.transform/1col/image.png,GBR
8.0,81,57.0,4.0,False,False,False,5560.824,56.082,1229,9472,1229,9472,O PIASTRI,Oscar PIASTRI,PIA,McLaren,ff8000,Oscar,Piastri,https://media.formula1.com/d_driver_fallback_image.png/content/dam/fom-website/drivers/O/OSCPIA01_Oscar_Piastri/oscpia01.png.transform/1col/image.png,AUS
9.0,14,57.0,2.0,False,False,False,5579.629,74.887,1229,9472,1229,9472,F ALONSO,Fernando ALONSO,ALO,Aston Martin,229971,Fernando,Alonso,https://media.formula1.com/d_driver_fallback_image.png/content/dam/fom-website/drivers/F/FERALO01_Fernando_Alonso/feralo01.png.transform/1col/image.png,ESP
10.0,18,57.0,1.0,False,False,False,5597.958,93.216,1229,9472,1229,9472,L STROLL,Lance STROLL,STR,Aston Martin,229971,Lance,Stroll,https://media.formula1.com/d_driver_fallback_image.png/content/dam/fom-website/drivers/L/LANSTR01_Lance_Stroll/lanstr01.png.transform/1col/image.png,CAN
11.0,24,56.0,0.0,False,False,False,,+1 LAP,1229,9472,1229,9472,G ZHOU,ZHOU Guanyu,ZHO,Kick Sauber,52e252,Guanyu,Zhou,https://media.formula1.com/d_driver_fallback_image.png/content/dam/fom-website/drivers/G/GUAZHO01_Guanyu_Zhou/guazho01.png.transform/1col/image.png,CHN
12.0,20,56.0,0.0,False,False,False,,+1 LAP,1229,9472,1229,9472,K MAGNUSSEN,Kevin MAGNUSSEN,MAG,Haas F1 Team,b6babd,Kevin,Magnussen,https://media.formula1.com/d_driver_fallback_image.png/content/dam/fom-website/drivers/K/KEVMAG01_Kevin_Magnussen/kevmag01.png.transform/1col/image.png,DEN
13.0,3,56.0,0.0,False,False,False,,+1 LAP,1229,9472,1229,9472,D RICCIARDO,Daniel RICCIARDO,RIC,RB,6692ff,Daniel,Ricciardo,https://media.formula1.com/d_driver_fallback_image.png/content/dam/fom-website/drivers/D/DANRIC01_Daniel_Ricciardo/danric01.png.transform/1col/image.png,AUS
14.0,22,56.0,0.0,False,False,False,,+1 LAP,1229,9472,1229,9472,Y TSUNODA,Yuki TSUNODA,TSU,RB,6692ff,Yuki,Tsunoda,https://media.formula1.com/d_driver_fallback_image.png/content/dam/fom-website/drivers/Y/YUKTSU01_Yuki_Tsunoda/yuktsu01.png.transform/1col/image.png,JPN
15.0,23,56.0,0.0,False,False,False,,+1 LAP,1229,9472,1229,9472,A ALBON,Alexander ALBON,ALB,Williams,64c4ff,Alexander,Albon,https://media.formula1.com/d_driver_fallback_image.png/content/dam/fom-website/drivers/A/ALEALB01_Alexander_Albon/alealb01.png.transform/1col/image.png,THA
16.0,27,56.0,0.0,False,False,False,,+1 LAP,1229,9472,1229,9472,N HULKENBERG,Nico HULKENBERG,HUL,Haas F1 Team,b6babd,Nico,Hulkenberg,https://media.formula1.com/d_driver_fallback_image.png/content/dam/fom-website/drivers/N/NICHUL01_Nico_Hulkenberg/nichul01.png.transform/1col/image.png,GER
17.0,31,56.0,0.0,False,False,False,,+1 LAP,1229,9472,1229,9472,E OCON,Esteban OCON,OCO,Alpine,ff87bc,Esteban,Ocon,https://media.formula1.com/d_driver_fallback_image.png/content/dam/fom-website/drivers/E/ESTOCO01_Esteban_Ocon/estoco01.png.transform/1col/image.png,FRA
18.0,10,56.0,0.0,False,False,False,,+1 LAP,1229,9472,1229,9472,P GASLY,Pierre GASLY,GAS,Alpine,ff87bc,Pierre,Gasly,https://media.formula1.com/d_driver_fallback_image.png/content/dam/fom-website/drivers/P/PIEGAS01_Pierre_Gasly/piegas01.png.transform/1col/image.png,FRA
19.0,77,56.0,0.0,False,False,False,,+1 LAP,1229,9472,1229,9472,V BOTTAS,Valtteri BOTTAS,BOT,Kick Sauber,52e252,Valtteri,Bottas,https://media.formula1.com/d_driver_fallback_image.png/content/dam/fom-website/drivers/V/VALBOT01_Valtteri_Bottas/valbot01.png.transform/1col/image.png,FIN
20.0,2,55.0,0.0,False,False,False,,+2 LAPS,1229,9472,1229,9472,L SARGEANT,Logan SARGEANT,SAR,Williams,64c4ff,Logan,Sargeant,https://media.formula1.com/d_driver_fallback_image.png/content/dam/fom-website/drivers/L/LOGSAR01_Logan_Sargeant/logsar01.png.transform/1col/image.png,USA
1.0,1,50.0,25.0,False,False,False,4843.273,0,1230,9480,1230,9480,M VERSTAPPEN,Max VERSTAPPEN,VER,Red Bull Racing,3671c6,Max,Verstappen,https://media.formula1.com/d_driver_fallback_image.png/content/dam/fom-website/drivers/M/MAXVER01_Max_Verstappen/maxver01.png.transform/1col/image.png,NED
2.0,11,50.0,18.0,False,False,False,4856.916,13.643,1230,9480,1230,9480,S PEREZ,Sergio PEREZ,PER,Red Bull Racing,3671c6,Sergio,Perez,https://media.formula1.com/d_driver_fallback_image.png/content/dam/fom-website/drivers/S/SERPER01_Sergio_Perez/serper01.png.transform/1col/image.png,MEX
3.0,16,50.0,16.0,False,False,False,4861.912,18.639,1230,9480,1230,9480,C LECLERC,Charles LECLERC,LEC,Ferrari,e8002d,Charles,Leclerc,https://media.formula1.com/d_driver_fallback_image.png/content/dam/fom-website/drivers/C/CHALEC01_Charles_Leclerc/chalec01.png.transform/1col/image.png,MON
4.0,81,50.0,12.0,False,False,False,4875.28,32.007,1230,9480,1230,9480,O PIASTRI,Oscar PIASTRI,PIA,McLaren,ff8000,Oscar,Piastri,https://media.formula1.com/d_driver_fallback_image.png/content/dam/fom-website/drivers/O/OSCPIA01_Oscar_Piastri/oscpia01.png.transform/1col/image.png,AUS
5.0,14,50.0,10.0,False,False,False,4879.032,35.759,1230,9480,1230,9480,F ALONSO,Fernando ALONSO,ALO,Aston Martin,229971,Fernando,Alonso,https://media.formula1.com/d_driver_fallback_image.png/content/dam/fom-website/drivers/F/FERALO01_Fernando_Alonso/feralo01.png.transform/1col/image.png,ESP
6.0,63,50.0,8.0,False,False,False,4883.209,39.936,1230,9480,1230,9480,G RUSSELL,George RUSSELL,RUS,Mercedes,27f4d2,George,Russell,https://media.formula1.com/d_driver_fallback_image.png/content/dam/fom-website/drivers/G/GEORUS01_George_Russell/georus01.png.transform/1col/image.png,GBR
7.0,38,50.0,6.0,False,False,False,4885.952,42.679,1230,9480,1230,9480,O BEARMAN,Oliver BEARMAN,BEA,Ferrari,e8002d,Oliver,Bearman,,GBR
8.0,4,50.0,4.0,False,False,False,4888.981,45.708,1230,9480,1230,9480,L NORRIS,Lando NORRIS,NOR,McLaren,ff8000,Lando,Norris,https://media.formula1.com/d_driver_fallback_image.png/content/dam/fom-website/drivers/L/LANNOR01_Lando_Norris/lannor01.png.transform/1col/image.png,GBR
9.0,44,50.0,2.0,False,False,False,4890.664,47.391,1230,9480,1230,9480,L HAMILTON,Lewis HAMILTON,HAM,Mercedes,27f4d2,Lewis,Hamilton,https://media.formula1.com/d_driver_fallback_image.png/content/dam/fom-website/drivers/L/LEWHAM01_Lewis_Hamilton/lewham01.png.transform/1col/image.png,GBR
10.0,27,50.0,1.0,False,False,False,4920.269,76.996,1230,9480,1230,9480,N HULKENBERG,Nico HULKENBERG,HUL,Haas F1 Team,b6babd,Nico,Hulkenberg,https://media.formula1.com/d_driver_fallback_image.png/content/dam/fom-website/drivers/N/NICHUL01_Nico_Hulkenberg/nichul01.png.transform/1col/image.png,GER
11.0,23,50.0,0.0,False,False,False,4931.627,88.354,1230,9480,1230,9480,A ALBON,Alexander ALBON,ALB,Williams,64c4ff,Alexander,Albon,https://media.formula1.com/d_driver_fallback_image.png/content/dam/fom-website/drivers/A/ALEALB01_Alexander_Albon/alealb01.png.transform/1col/image.png,THA
12.0,20,50.0,0.0,False,False,False,4949.01,105.737,1230,9480,1230,9480,K MAGNUSSEN,Kevin MAGNUSSEN,MAG,Haas F1 Team,b6babd,Kevin,Magnussen,https://media.formula1.com/d_driver_fallback_image.png/content/dam/fom-website/drivers/K/KEVMAG01_Kevin_Magnussen/kevmag01.png.transform/1col/image.png,DEN
13.0,31,49.0,0.0,False,False,False,,+1 LAP,1230,9480,1230,9480,E OCON,Esteban OCON,OCO,Alpine,ff87bc,Esteban,Ocon,https://media.formula1.com/d_driver_fallback_image.png/content/dam/fom-website/drivers/E/ESTOCO01_Esteban_Ocon/estoco01.png.transform/1col/image.png,FRA
14.0,2,49.0,0.0,False,False,False,,+1 LAP,1230,9480,1230,9480,L SARGEANT,Logan SARGEANT,SAR,Williams,64c4ff,Logan,Sargeant,https://media.formula1.com/d_driver_fallback_image.png/content/dam/fom-website/drivers/L/LOGSAR01_Logan_Sargeant/logsar01.png.transform/1col/image.png,USA
15.0,22,49.0,0.0,False,False,False,,+1 LAP,1230,9480,1230,9480,Y TSUNODA,Yuki TSUNODA,TSU,RB,6692ff,Yuki,Tsunoda,https://media.formula1.com/d_driver_fallback_image.png/content/dam/fom-website/drivers/Y/YUKTSU01_Yuki_Tsunoda/yuktsu01.png.transform/1col/image.png,JPN
16.0,3,49.0,0.0,False,False,False,,+1 LAP,1230,9480,1230,9480,D RICCIARDO,Daniel RICCIARDO,RIC,RB,6692ff,Daniel,Ricciardo,https://media.formula1.com/d_driver_fallback_image.png/content/dam/fom-website/drivers/D/DANRIC01_Daniel_Ricciardo/danric01.png.transform/1col/image.png,AUS
17.0,77,49.0,0.0,False,False,False,,+1 LAP,1230,9480,1230,9480,V BOTTAS,Valtteri BOTTAS,BOT,Kick Sauber,52e252,Valtteri,Bottas,https://media.formula1.com/d_driver_fallback_image.png/content/dam/fom-website/drivers/V/VALBOT01_Valtteri_Bottas/valbot01.png.transform/1col/image.png,FIN
18.0,24,49.0,0.0,False,False,False,,+1 LAP,1230,9480,1230,9480,G ZHOU,ZHOU Guanyu,ZHO,Kick Sauber,52e252,Guanyu,Zhou,https://media.formula1.com/d_driver_fallback_image.png/content/dam/fom-website/drivers/G/GUAZHO01_Guanyu_Zhou/guazho01.png.transform/1col/image.png,CHN
,18,5.0,0.0,True,False,False,,,1230,9480,1230,9480,L STROLL,Lance STROLL,STR,Aston Martin,229971,Lance,Stroll,https://media.formula1.com/d_driver_fallback_image.png/content/dam/fom-website/drivers/L/LANSTR01_Lance_Stroll/lanstr01.png.transform/1col/image.png,CAN
,10,1.0,0.0,True,False,False,,,1230,9480,1230,9480,P GASLY,Pierre GASLY,GAS,Alpine,ff87bc,Pierre,Gasly,https://media.formula1.com/d_driver_fallback_image.png/content/dam/fom-website/drivers/P/PIEGAS01_Pierre_Gasly/piegas01.png.transform/1col/image.png,FRA
1.0,55,58.0,25.0,False,False,False,4826.843,0,1231,9488,1231,9488,C SAINZ,Carlos SAINZ,SAI,Ferrari,E80020,Carlos,Sainz,https://media.formula1.com/d_driver_fallback_image.png/content/dam/fom-website/drivers/C/CARSAI01_Carlos_Sainz/carsai01.png.transform/1col/image.png,ESP
2.0,16,58.0,19.0,False,False,False,4829.209,2.366,1231,9488,1231,9488,C LECLERC,Charles LECLERC,LEC,Ferrari,E80020,Charles,Leclerc,https://media.formula1.com/d_driver_fallback_image.png/content/dam/fom-website/drivers/C/CHALEC01_Charles_Leclerc/chalec01.png.transform/1col/image.png,MON
3.0,4,58.0,15.0,False,False,False,4832.747,5.904,1231,9488,1231,9488,L NORRIS,Lando NORRIS,NOR,McLaren,FF8000,Lando,Norris,https://media.formula1.com/d_driver_fallback_image.png/content/dam/fom-website/drivers/L/LANNOR01_Lando_Norris/lannor01.png.transform/1col/image.png,GBR
4.0,81,58.0,12.0,False,False,False,4862.613,35.77,1231,9488,1231,9488,O PIASTRI,Oscar PIASTRI,PIA,McLaren,FF8000,Oscar,Piastri,https://media.formula1.com/d_driver_fallback_image.png/content/dam/fom-website/drivers/O/OSCPIA01_Oscar_Piastri/oscpia01.png.transform/1col/image.png,AUS
5.0,11,58.0,10.0,False,False,False,4883.152,56.309,1231,9488,1231,9488,S PEREZ,Sergio PEREZ,PER,Red Bull Racing,3671C6,Sergio,Perez,https://media.formula1.com/d_driver_fallback_image.png/content/dam/fom-website/drivers/S/SERPER01_Sergio_Perez/serper01.png.transform/1col/image.png,MEX
6.0,18,58.0,8.0,False,False,False,4920.065,93.222,1231,9488,1231,9488,L STROLL,Lance STROLL,STR,Aston Martin,229971,Lance,Stroll,https://media.formula1.com/d_driver_fallback_image.png/content/dam/fom-website/drivers/L/LANSTR01_Lance_Stroll/lanstr01.png.transform/1col/image.png,CAN
7.0,22,58.0,6.0,False,False,False,4922.444,95.601,1231,9488,1231,9488,Y TSUNODA,Yuki TSUNODA,TSU,RB,6692FF,Yuki,Tsunoda,https://media.formula1.com/d_driver_fallback_image.png/content/dam/fom-website/drivers/Y/YUKTSU01_Yuki_Tsunoda/yuktsu01.png.transform/1col/image.png,JPN
8.0,14,58.0,4.0,False,False,False,4927.835,100.992,1231,9488,1231,9488,F ALONSO,Fernando ALONSO,ALO,Aston Martin,229971,Fernando,Alonso,https://media.formula1.com/d_driver_fallback_image.png/content/dam/fom-website/drivers/F/FERALO01_Fernando_Alonso/feralo01.png.transform/1col/image.png,ESP
9.0,27,58.0,2.0,False,False,False,4931.396,104.553,1231,9488,1231,9488,N HULKENBERG,Nico HULKENBERG,HUL,Haas F1 Team,B6BABD,Nico,Hulkenberg,https://media.formula1.com/d_driver_fallback_image.png/content/dam/fom-website/drivers/N/NICHUL01_Nico_Hulkenberg/nichul01.png.transform/1col/image.png,GER
10.0,20,57.0,1.0,False,False,False,,+1 LAP,1231,9488,1231,9488,K MAGNUSSEN,Kevin MAGNUSSEN,MAG,Haas F1 Team,B6BABD,Kevin,Magnussen,https://media.formula1.com/d_driver_fallback_image.png/content/dam/fom-website/drivers/K/KEVMAG01_Kevin_Magnussen/kevmag01.png.transform/1col/image.png,DEN
11.0,23,57.0,0.0,False,False,False,,+1 LAP,1231,9488,1231,9488,A ALBON,Alexander ALBON,ALB,Williams,64C4FF,Alexander,Albon,https://media.formula1.com/d_driver_fallback_image.png/content/dam/fom-website/drivers/A/ALEALB01_Alexander_Albon/alealb01.png.transform/1col/image.png,THA
12.0,3,57.0,0.0,False,False,False,,+1 LAP,1231,9488,1231,9488,D RICCIARDO,Daniel RICCIARDO,RIC,RB,6692FF,Daniel,Ricciardo,https://media.formula1.com/d_driver_fallback_image.png/content/dam/fom-website/drivers/D/DANRIC01_Daniel_Ricciardo/danric01.png.transform/1col/image.png,AUS
13.0,10,57.0,0.0,False,False,False,,+1 LAP,1231,9488,1231,9488,P GASLY,Pierre GASLY,GAS,Alpine,0093cc,Pierre,Gasly,https://media.formula1.com/d_driver_fallback_image.png/content/dam/fom-website/drivers/P/PIEGAS01_Pierre_Gasly/piegas01.png.transform/1col/image.png,FRA
14.0,77,57.0,0.0,False,False,False,,+1 LAP,1231,9488,1231,9488,V BOTTAS,Valtteri BOTTAS,BOT,Kick Sauber,52e252,Valtteri,Bottas,https://media.formula1.com/d_driver_fallback_image.png/content/dam/fom-website/drivers/V/VALBOT01_Valtteri_Bottas/valbot01.png.transform/1col/image.png,FIN
15.0,24,57.0,0.0,False,False,False,,+1 LAP,1231,9488,1231,9488,G ZHOU,ZHOU Guanyu,ZHO,Kick Sauber,52e252,Guanyu,Zhou,https://media.formula1.com/d_driver_fallback_image.png/content/dam/fom-website/drivers/G/GUAZHO01_Guanyu_Zhou/guazho01.png.transform/1col/image.png,CHN
16.0,31,57.0,0.0,False,False,False,,+1 LAP,1231,9488,1231,9488,E OCON,Esteban OCON,OCO,Alpine,0093cc,Esteban,Ocon,https://media.formula1.com/d_driver_fallback_image.png/content/dam/fom-website/drivers/E/ESTOCO01_Esteban_Ocon/estoco01.png.transform/1col/image.png,FRA
17.0,63,56.0,0.0,True,False,False,,,1231,9488,1231,9488,G RUSSELL,George RUSSELL,RUS,Mercedes,27F4D2,George,Russell,https://media.formula1.com/d_driver_fallback_image.png/content/dam/fom-website/drivers/G/GEORUS01_George_Russell/georus01.png.transform/1col/image.png,GBR
,44,15.0,0.0,True,False,False,,,1231,9488,1231,9488,L HAMILTON,Lewis HAMILTON,HAM,Mercedes,27F4D2,Lewis,Hamilton,https://media.formula1.com/d_driver_fallback_image.png/content/dam/fom-website/drivers/L/LEWHAM01_Lewis_Hamilton/lewham01.png.transform/1col/image.png,GBR
,1,3.0,0.0,True,False,False,,,1231,9488,1231,9488,M VERSTAPPEN,Max VERSTAPPEN,VER,Red Bull Racing,3671C6,Max,Verstappen,https://media.formula1.com/d_driver_fallback_image.png/content/dam/fom-website/drivers/M/MAXVER01_Max_Verstappen/maxver01.png.transform/1col/image.png,NED
1.0,1,53.0,26.0,False,False,False,6863.566,0,1232,9496,1232,9496,M VERSTAPPEN,Max VERSTAPPEN,VER,Red Bull Racing,3671C6,Max,Verstappen,https://media.formula1.com/d_driver_fallback_image.png/content/dam/fom-website/drivers/M/MAXVER01_Max_Verstappen/maxver01.png.transform/1col/image.png,NED
2.0,11,53.0,18.0,False,False,False,6876.101,12.535,1232,9496,1232,9496,S PEREZ,Sergio PEREZ,PER,Red Bull Racing,3671C6,Sergio,Perez,https://media.formula1.com/d_driver_fallback_image.png/content/dam/fom-website/drivers/S/SERPER01_Sergio_Perez/serper01.png.transform/1col/image.png,MEX
3.0,55,53.0,15.0,False,False,False,6884.432,20.866,1232,9496,1232,9496,C SAINZ,Carlos SAINZ,SAI,Ferrari,E80020,Carlos,Sainz,https://media.formula1.com/d_driver_fallback_image.png/content/dam/fom-website/drivers/C/CARSAI01_Carlos_Sainz/carsai01.png.transform/1col/image.png,ESP
4.0,16,53.0,12.0,False,False,False,6890.088,26.522,1232,9496,1232,9496,C LECLERC,Charles LECLERC,LEC,Ferrari,E80020,Charles,Leclerc,https://media.formula1.com/d_driver_fallback_image.png/content/dam/fom-website/drivers/C/CHALEC01_Charles_Leclerc/chalec01.png.transform/1col/image.png,MON
5.0,4,53.0,10.0,False,False,False,6893.266,29.7,1232,9496,1232,9496,L NORRIS,Lando NORRIS,NOR,McLaren,FF8000,Lando,Norris,https://media.formula1.com/d_driver_fallback_image.png/content/dam/fom-website/drivers/L/LANNOR01_Lando_Norris/lannor01.png.transform/1col/image.png,GBR
6.0,14,53.0,8.0,False,False,False,6907.838,44.272,1232,9496,1232,9496,F ALONSO,Fernando ALONSO,ALO,Aston Martin,229971,Fernando,Alonso,https://media.formula1.com/d_driver_fallback_image.png/content/dam/fom-website/drivers/F/FERALO01_Fernando_Alonso/feralo01.png.transform/1col/image.png,ESP
7.0,63,53.0,6.0,False,False,False,6909.517,45.951,1232,9496,1232,9496,G RUSSELL,George RUSSELL,RUS,Mercedes,27F4D2,George,Russell,https://media.formula1.com/d_driver_fallback_image.png/content/dam/fom-website/drivers/G/GEORUS01_George_Russell/georus01.png.transform/1col/image.png,GBR
8.0,81,53.0,4.0,False,False,False,6911.091,47.525,1232,9496,1232,9496,O PIASTRI,Oscar PIASTRI,PIA,McLaren,FF8000,Oscar,Piastri,https://media.formula1.com/d_driver_fallback_image.png/content/dam/fom-website/drivers/O/OSCPIA01_Oscar_Piastri/oscpia01.png.transform/1col/image.png,AUS
9.0,44,53.0,2.0,False,False,False,6912.192,48.626,1232,9496,1232,9496,L HAMILTON,Lewis HAMILTON,HAM,Mercedes,27F4D2,Lewis,Hamilton,https://media.formula1.com/d_driver_fallback_image.png/content/dam/fom-website/drivers/L/LEWHAM01_Lewis_Hamilton/lewham01.png.transform/1col/image.png,GBR
10.0,22,52.0,1.0,False,False,False,,+1 LAP,1232,9496,1232,9496,Y TSUNODA,Yuki TSUNODA,TSU,RB,6692FF,Yuki,Tsunoda,https://media.formula1.com/d_driver_fallback_image.png/content/dam/fom-website/drivers/Y/YUKTSU01_Yuki_Tsunoda/yuktsu01.png.transform/1col/image.png,JPN
11.0,27,52.0,0.0,False,False,False,,+1 LAP,1232,9496,1232,9496,N HULKENBERG,Nico HULKENBERG,HUL,Haas F1 Team,B6BABD,Nico,Hulkenberg,https://media.formula1.com/d_driver_fallback_image.png/content/dam/fom-website/drivers/N/NICHUL01_Nico_Hulkenberg/nichul01.png.transform/1col/image.png,GER
12.0,18,52.0,0.0,False,False,False,,+1 LAP,1232,9496,1232,9496,L STROLL,Lance STROLL,STR,Aston Martin,229971,Lance,Stroll,https://media.formula1.com/d_driver_fallback_image.png/content/dam/fom-website/drivers/L/LANSTR01_Lance_Stroll/lanstr01.png.transform/1col/image.png,CAN
13.0,20,52.0,0.0,False,False,False,,+1 LAP,1232,9496,1232,9496,K MAGNUSSEN,Kevin MAGNUSSEN,MAG,Haas F1 Team,B6BABD,Kevin,Magnussen,https://media.formula1.com/d_driver_fallback_image.png/content/dam/fom-website/drivers/K/KEVMAG01_Kevin_Magnussen/kevmag01.png.transform/1col/image.png,DEN
14.0,77,52.0,0.0,False,False,False,,+1 LAP,1232,9496,1232,9496,V BOTTAS,Valtteri BOTTAS,BOT,Kick Sauber,52e252,Valtteri,Bottas,https://media.formula1.com/d_driver_fallback_image.png/content/dam/fom-website/drivers/V/VALBOT01_Valtteri_Bottas/valbot01.png.transform/1col/image.png,FIN
15.0,31,52.0,0.0,False,False,False,,+1 LAP,1232,9496,1232,9496,E OCON,Esteban OCON,OCO,Alpine,0093cc,Esteban,Ocon,https://media.formula1.com/d_driver_fallback_image.png/content/dam/fom-website/drivers/E/ESTOCO01_Esteban_Ocon/estoco01.png.transform/1col/image.png,FRA
16.0,10,52.0,0.0,False,False,False,,+1 LAP,1232,9496,1232,9496,P GASLY,Pierre GASLY,GAS,Alpine,0093cc,Pierre,Gasly,https://media.formula1.com/d_driver_fallback_image.png/content/dam/fom-website/drivers/P/PIEGAS01_Pierre_Gasly/piegas01.png.transform/1col/image.png,FRA
17.0,2,52.0,0.0,False,False,False,,+1 LAP,1232,9496,1232,9496,L SARGEANT,Logan SARGEANT,SAR,Williams,64C4FF,Logan,Sargeant,https://media.formula1.com/d_driver_fallback_image.png/content/dam/fom-website/drivers/L/LOGSAR01_Logan_Sargeant/logsar01.png.transform/1col/image.png,USA
,24,12.0,0.0,True,False,False,,,1232,9496,1232,9496,G ZHOU,ZHOU Guanyu,ZHO,Kick Sauber,52e252,Guanyu,Zhou,https://media.formula1.com/d_driver_fallback_image.png/content/dam/fom-website/drivers/G/GUAZHO01_Guanyu_Zhou/guazho01.png.transform/1col/image.png,CHN
,3,0.0,0.0,True,False,False,,,1232,9496,1232,9496,D RICCIARDO,Daniel RICCIARDO,RIC,RB,6692FF,Daniel,Ricciardo,https://media.formula1.com/d_driver_fallback_image.png/content/dam/fom-website/drivers/D/DANRIC01_Daniel_Ricciardo/danric01.png.transform/1col/image.png,AUS
,23,0.0,0.0,True,False,False,,,1232,9496,1232,9496,A ALBON,Alexander ALBON,ALB,Williams,64C4FF,Alexander,Albon,https://media.formula1.com/d_driver_fallback_image.png/content/dam/fom-website/drivers/A/ALEALB01_Alexander_Albon/alealb01.png.transform/1col/image.png,THA
1.0,1,56.0,25.0,False,False,False,6052.554,0.0,1233,9673,1233,9673,M VERSTAPPEN,Max VERSTAPPEN,VER,Red Bull Racing,3671C6,Max,Verstappen,https://media.formula1.com/d_driver_fallback_image.png/content/dam/fom-website/drivers/M/MAXVER01_Max_Verstappen/maxver01.png.transform/1col/image.png,NED
2.0,4,56.0,18.0,False,False,False,6066.327,13.773,1233,9673,1233,9673,L NORRIS,Lando NORRIS,NOR,McLaren,FF8000,Lando,Norris,https://media.formula1.com/d_driver_fallback_image.png/content/dam/fom-website/drivers/L/LANNOR01_Lando_Norris/lannor01.png.transform/1col/image.png,GBR
3.0,11,56.0,15.0,False,False,False,6071.714,19.16,1233,9673,1233,9673,S PEREZ,Sergio PEREZ,PER,Red Bull Racing,3671C6,Sergio,Perez,https://media.formula1.com/d_driver_fallback_image.png/content/dam/fom-website/drivers/S/SERPER01_Sergio_Perez/serper01.png.transform/1col/image.png,MEX
4.0,16,56.0,12.0,False,False,False,6076.177,23.623,1233,9673,1233,9673,C LECLERC,Charles LECLERC,LEC,Ferrari,E80020,Charles,Leclerc,https://media.formula1.com/d_driver_fallback_image.png/content/dam/fom-website/drivers/C/CHALEC01_Charles_Leclerc/chalec01.png.transform/1col/image.png,MON
5.0,55,56.0,10.0,False,False,False,6086.537,33.983,1233,9673,1233,9673,C SAINZ,Carlos SAINZ,SAI,Ferrari,E80020,Carlos,Sainz,https://media.formula1.com/d_driver_fallback_image.png/content/dam/fom-website/drivers/C/CARSAI01_Carlos_Sainz/carsai01.png.transform/1col/image.png,ESP
6.0,63,56.0,8.0,False,False,False,6091.278,38.724,1233,9673,1233,9673,G RUSSELL,George RUSSELL,RUS,Mercedes,27F4D2,George,Russell,https://media.formula1.com/d_driver_fallback_image.png/content/dam/fom-website/drivers/G/GEORUS01_George_Russell/georus01.png.transform/1col/image.png,GBR
7.0,14,56.0,7.0,False,False,False,6095.968,43.414,1233,9673,1233,9673,F ALONSO,Fernando ALONSO,ALO,Aston Martin,229971,Fernando,Alonso,https://media.formula1.com/d_driver_fallback_image.png/content/dam/fom-website/drivers/F/FERALO01_Fernando_Alonso/feralo01.png.transform/1col/image.png,ESP
8.0,81,56.0,4.0,False,False,False,6108.752,56.198,1233,9673,1233,9673,O PIASTRI,Oscar PIASTRI,PIA,McLaren,FF8000,Oscar,Piastri,https://media.formula1.com/d_driver_fallback_image.png/content/dam/fom-website/drivers/O/OSCPIA01_Oscar_Piastri/oscpia01.png.transform/1col/image.png,AUS
9.0,44,56.0,2.0,False,False,False,6110.54,57.986,1233,9673,1233,9673,L HAMILTON,Lewis HAMILTON,HAM,Mercedes,27F4D2,Lewis,Hamilton,https://media.formula1.com/d_driver_fallback_image.png/content/dam/fom-website/drivers/L/LEWHAM01_Lewis_Hamilton/lewham01.png.transform/1col/image.png,GBR
10.0,27,56.0,1.0,False,False,False,6113.03,60.476,1233,9673,1233,9673,N HULKENBERG,Nico HULKENBERG,HUL,Haas F1 Team,B6BABD,Nico,Hulkenberg,https://media.formula1.com/d_driver_fallback_image.png/content/dam/fom-website/drivers/N/NICHUL01_Nico_Hulkenberg/nichul01.png.transform/1col/image.png,GER
11.0,31,56.0,0.0,False,False,False,6115.366,62.812,1233,9673,1233,9673,E OCON,Esteban OCON,OCO,Alpine,0093cc,Esteban,Ocon,https://media.formula1.com/d_driver_fallback_image.png/content/dam/fom-website/drivers/E/ESTOCO01_Esteban_Ocon/estoco01.png.transform/1col/image.png,FRA
12.0,23,56.0,0.0,False,False,False,6118.06,65.506,1233,9673,1233,9673,A ALBON,Alexander ALBON,ALB,Williams,64C4FF,Alexander,Albon,https://media.formula1.com/d_driver_fallback_image.png/content/dam/fom-website/drivers/A/ALEALB01_Alexander_Albon/alealb01.png.transform/1col/image.png,THA
13.0,10,56.0,0.0,False,False,False,6121.777,69.223,1233,9673,1233,9673,P GASLY,Pierre GASLY,GAS,Alpine,0093cc,Pierre,Gasly,https://media.formula1.com/d_driver_fallback_image.png/content/dam/fom-website/drivers/P/PIEGAS01_Pierre_Gasly/piegas01.png.transform/1col/image.png,FRA
14.0,24,56.0,0.0,False,False,False,6124.243,71.689,1233,9673,1233,9673,G ZHOU,ZHOU Guanyu,ZHO,Kick Sauber,52e252,Guanyu,Zhou,https://media.formula1.com/d_driver_fallback_image.png/content/dam/fom-website/drivers/G/GUAZHO01_Guanyu_Zhou/guazho01.png.transform/1col/image.png,CHN
15.0,18,56.0,0.0,False,False,False,6135.34,82.786,1233,9673,1233,9673,L STROLL,Lance STROLL,STR,Aston Martin,229971,Lance,Stroll,https://media.formula1.com/d_driver_fallback_image.png/content/dam/fom-website/drivers/L/LANSTR01_Lance_Stroll/lanstr01.png.transform/1col/image.png,CAN
16.0,20,56.0,0.0,False,False,False,6140.087,87.533,1233,9673,1233,9673,K MAGNUSSEN,Kevin MAGNUSSEN,MAG,Haas F1 Team,B6BABD,Kevin,Magnussen,https://media.formula1.com/d_driver_fallback_image.png/content/dam/fom-website/drivers/K/KEVMAG01_Kevin_Magnussen/kevmag01.png.transform/1col/image.png,DEN
17.0,2,56.0,0.0,False,False,False,6147.664,95.11,1233,9673,1233,9673,L SARGEANT,Logan SARGEANT,SAR,Williams,64C4FF,Logan,Sargeant,https://media.formula1.com/d_driver_fallback_image.png/content/dam/fom-website/drivers/L/LOGSAR01_Logan_Sargeant/logsar01.png.transform/1col/image.png,USA
,3,33.0,0.0,True,False,False,,,1233,9673,1233,9673,D RICCIARDO,Daniel RICCIARDO,RIC,RB,6692FF,Daniel,Ricciardo,https://media.formula1.com/d_driver_fallback_image.png/content/dam/fom-website/drivers/D/DANRIC01_Daniel_Ricciardo/danric01.png.transform/1col/image.png,AUS
,22,26.0,0.0,True,False,False,,,1233,9673,1233,9673,Y TSUNODA,Yuki TSUNODA,TSU,RB,6692FF,Yuki,Tsunoda,https://media.formula1.com/d_driver_fallback_image.png/content/dam/fom-website/drivers/Y/YUKTSU01_Yuki_Tsunoda/yuktsu01.png.transform/1col/image.png,JPN
,77,19.0,0.0,True,False,False,,,1233,9673,1233,9673,V BOTTAS,Valtteri BOTTAS,BOT,Kick Sauber,52e252,Valtteri,Bottas,https://media.formula1.com/d_driver_fallback_image.png/content/dam/fom-website/drivers/V/VALBOT01_Valtteri_Bottas/valbot01.png.transform/1col/image.png,FIN
1.0,4,57.0,25.0,False,False,False,5449.876,0.0,1234,9507,1234,9507,L NORRIS,Lando NORRIS,NOR,McLaren,FF8000,Lando,Norris,https://media.formula1.com/d_driver_fallback_image.png/content/dam/fom-website/drivers/L/LANNOR01_Lando_Norris/lannor01.png.transform/1col/image.png,GBR
2.0,1,57.0,18.0,False,False,False,5457.488,7.612,1234,9507,1234,9507,M VERSTAPPEN,Max VERSTAPPEN,VER,Red Bull Racing,3671C6,Max,Verstappen,https://media.formula1.com/d_driver_fallback_image.png/content/dam/fom-website/drivers/M/MAXVER01_Max_Verstappen/maxver01.png.transform/1col/image.png,NED
3.0,16,57.0,15.0,False,False,False,5459.796,9.92,1234,9507,1234,9507,C LECLERC,Charles LECLERC,LEC,Ferrari,E80020,Charles,Leclerc,https://media.formula1.com/d_driver_fallback_image.png/content/dam/fom-website/drivers/C/CHALEC01_Charles_Leclerc/chalec01.png.transform/1col/image.png,MON
4.0,11,57.0,12.0,False,False,False,5464.526,14.65,1234,9507,1234,9507,S PEREZ,Sergio PEREZ,PER,Red Bull Racing,3671C6,Sergio,Perez,https://media.formula1.com/d_driver_fallback_image.png/content/dam/fom-website/drivers/S/SERPER01_Sergio_Perez/serper01.png.transform/1col/image.png,MEX
5.0,55,57.0,10.0,False,False,False,5466.283,16.407,1234,9507,1234,9507,C SAINZ,Carlos SAINZ,SAI,Ferrari,E80020,Carlos,Sainz,https://media.formula1.com/d_driver_fallback_image.png/content/dam/fom-website/drivers/C/CARSAI01_Carlos_Sainz/carsai01.png.transform/1col/image.png,ESP
6.0,44,57.0,8.0,False,False,False,5466.461,16.585,1234,9507,1234,9507,L HAMILTON,Lewis HAMILTON,HAM,Mercedes,27F4D2,Lewis,Hamilton,https://media.formula1.com/d_driver_fallback_image.png/content/dam/fom-website/drivers/L/LEWHAM01_Lewis_Hamilton/lewham01.png.transform/1col/image.png,GBR
7.0,22,57.0,6.0,False,False,False,5476.061,26.185,1234,9507,1234,9507,Y TSUNODA,Yuki TSUNODA,TSU,RB,6692FF,Yuki,Tsunoda,https://media.formula1.com/d_driver_fallback_image.png/content/dam/fom-website/drivers/Y/YUKTSU01_Yuki_Tsunoda/yuktsu01.png.transform/1col/image.png,JPN
8.0,63,57.0,4.0,False,False,False,5484.665,34.789,1234,9507,1234,9507,G RUSSELL,George RUSSELL,RUS,Mercedes,27F4D2,George,Russell,https://media.formula1.com/d_driver_fallback_image.png/content/dam/fom-website/drivers/G/GEORUS01_George_Russell/georus01.png.transform/1col/image.png,GBR
9.0,14,57.0,2.0,False,False,False,5486.983,37.107,1234,9507,1234,9507,F ALONSO,Fernando ALONSO,ALO,Aston Martin,229971,Fernando,Alonso,https://media.formula1.com/d_driver_fallback_image.png/content/dam/fom-website/drivers/F/FERALO01_Fernando_Alonso/feralo01.png.transform/1col/image.png,ESP
10.0,31,57.0,1.0,False,False,False,5489.622,39.746,1234,9507,1234,9507,E OCON,Esteban OCON,OCO,Alpine,0093cc,Esteban,Ocon,https://media.formula1.com/d_driver_fallback_image.png/content/dam/fom-website/drivers/E/ESTOCO01_Esteban_Ocon/estoco01.png.transform/1col/image.png,FRA
11.0,27,57.0,0.0,False,False,False,5490.665,40.789,1234,9507,1234,9507,N HULKENBERG,Nico HULKENBERG,HUL,Haas F1 Team,B6BABD,Nico,Hulkenberg,https://media.formula1.com/d_driver_fallback_image.png/content/dam/fom-website/drivers/N/NICHUL01_Nico_Hulkenberg/nichul01.png.transform/1col/image.png,GER
12.0,10,57.0,0.0,False,False,False,5494.834,44.958,1234,9507,1234,9507,P GASLY,Pierre GASLY,GAS,Alpine,0093cc,Pierre,Gasly,https://media.formula1.com/d_driver_fallback_image.png/content/dam/fom-website/drivers/P/PIEGAS01_Pierre_Gasly/piegas01.png.transform/1col/image.png,FRA
13.0,81,57.0,0.0,False,False,False,5499.632,49.756,1234,9507,1234,9507,O PIASTRI,Oscar PIASTRI,PIA,McLaren,FF8000,Oscar,Piastri,https://media.formula1.com/d_driver_fallback_image.png/content/dam/fom-website/drivers/O/OSCPIA01_Oscar_Piastri/oscpia01.png.transform/1col/image.png,AUS
14.0,24,57.0,0.0,False,False,False,5499.855,49.979,1234,9507,1234,9507,G ZHOU,ZHOU Guanyu,ZHO,Kick Sauber,52e252,Guanyu,Zhou,https://media.formula1.com/d_driver_fallback_image.png/content/dam/fom-website/drivers/G/GUAZHO01_Guanyu_Zhou/guazho01.png.transform/1col/image.png,CHN
15.0,3,57.0,0.0,False,False,False,5500.832,50.956,1234,9507,1234,9507,D RICCIARDO,Daniel RICCIARDO,RIC,RB,6692FF,Daniel,Ricciardo,https://media.formula1.com/d_driver_fallback_image.png/content/dam/fom-website/drivers/D/DANRIC01_Daniel_Ricciardo/danric01.png.transform/1col/image.png,AUS
16.0,77,57.0,0.0,False,False,False,5502.232,52.356,1234,9507,1234,9507,V BOTTAS,Valtteri BOTTAS,BOT,Kick Sauber,52e252,Valtteri,Bottas,https://media.formula1.com/d_driver_fallback_image.png/content/dam/fom-website/drivers/V/VALBOT01_Valtteri_Bottas/valbot01.png.transform/1col/image.png,FIN
17.0,18,57.0,0.0,False,False,False,5505.049,55.173,1234,9507,1234,9507,L STROLL,Lance STROLL,STR,Aston Martin,229971,Lance,Stroll,https://media.formula1.com/d_driver_fallback_image.png/content/dam/fom-website/drivers/L/LANSTR01_Lance_Stroll/lanstr01.png.transform/1col/image.png,CAN
18.0,23,57.0,0.0,False,False,False,5525.967,76.091,1234,9507,1234,9507,A ALBON,Alexander ALBON,ALB,Williams,64C4FF,Alexander,Albon,https://media.formula1.com/d_driver_fallback_image.png/content/dam/fom-website/drivers/A/ALEALB01_Alexander_Albon/alealb01.png.transform/1col/image.png,THA
19.0,20,57.0,0.0,False,False,False,5534.559,84.683,1234,9507,1234,9507,K MAGNUSSEN,Kevin MAGNUSSEN,MAG,Haas F1 Team,B6BABD,Kevin,Magnussen,https://media.formula1.com/d_driver_fallback_image.png/content/dam/fom-website/drivers/K/KEVMAG01_Kevin_Magnussen/kevmag01.png.transform/1col/image.png,DEN
,2,27.0,0.0,True,False,False,,,1234,9507,1234,9507,L SARGEANT,Logan SARGEANT,SAR,Williams,64C4FF,Logan,Sargeant,https://media.formula1.com/d_driver_fallback_image.png/content/dam/fom-website/drivers/L/LOGSAR01_Logan_Sargeant/logsar01.png.transform/1col/image.png,USA
1.0,1,63.0,25.0,False,False,False,5125.252,0,1235,9515,1235,9515,M VERSTAPPEN,Max VERSTAPPEN,VER,Red Bull Racing,3671C6,Max,Verstappen,https://media.formula1.com/d_driver_fallback_image.png/content/dam/fom-website/drivers/M/MAXVER01_Max_Verstappen/maxver01.png.transform/1col/image.png,NED
2.0,4,63.0,18.0,False,False,False,5125.977,0.725,1235,9515,1235,9515,L NORRIS,Lando NORRIS,NOR,McLaren,FF8000,Lando,Norris,https://media.formula1.com/d_driver_fallback_image.png/content/dam/fom-website/drivers/L/LANNOR01_Lando_Norris/lannor01.png.transform/1col/image.png,GBR
3.0,16,63.0,15.0,False,False,False,5133.168,7.916,1235,9515,1235,9515,C LECLERC,Charles LECLERC,LEC,Ferrari,E80020,Charles,Leclerc,https://media.formula1.com/d_driver_fallback_image.png/content/dam/fom-website/drivers/C/CHALEC01_Charles_Leclerc/chalec01.png.transform/1col/image.png,MON
4.0,81,63.0,12.0,False,False,False,5139.384,14.132,1235,9515,1235,9515,O PIASTRI,Oscar PIASTRI,PIA,McLaren,FF8000,Oscar,Piastri,https://media.formula1.com/d_driver_fallback_image.png/content/dam/fom-website/drivers/O/OSCPIA01_Oscar_Piastri/oscpia01.png.transform/1col/image.png,AUS
5.0,55,63.0,10.0,False,False,False,5147.577,22.325,1235,9515,1235,9515,C SAINZ,Carlos SAINZ,SAI,Ferrari,E80020,Carlos,Sainz,https://media.formula1.com/d_driver_fallback_image.png/content/dam/fom-website/drivers/C/CARSAI01_Carlos_Sainz/carsai01.png.transform/1col/image.png,ESP
6.0,44,63.0,8.0,False,False,False,5160.356,35.104,1235,9515,1235,9515,L HAMILTON,Lewis HAMILTON,HAM,Mercedes,27F4D2,Lewis,Hamilton,https://media.formula1.com/d_driver_fallback_image.png/content/dam/fom-website/drivers/L/LEWHAM01_Lewis_Hamilton/lewham01.png.transform/1col/image.png,GBR
7.0,63,63.0,7.0,False,False,False,5172.406,47.154,1235,9515,1235,9515,G RUSSELL,George RUSSELL,RUS,Mercedes,27F4D2,George,Russell,https://media.formula1.com/d_driver_fallback_image.png/content/dam/fom-website/drivers/G/GEORUS01_George_Russell/georus01.png.transform/1col/image.png,GBR
8.0,11,63.0,4.0,False,False,False,5180.028,54.776,1235,9515,1235,9515,S PEREZ,Sergio PEREZ,PER,Red Bull Racing,3671C6,Sergio,Perez,https://media.formula1.com/d_driver_fallback_image.png/content/dam/fom-website/drivers/S/SERPER01_Sergio_Perez/serper01.png.transform/1col/image.png,MEX
9.0,18,63.0,2.0,False,False,False,5204.808,79.556,1235,9515,1235,9515,L STROLL,Lance STROLL,STR,Aston Martin,229971,Lance,Stroll,https://media.formula1.com/d_driver_fallback_image.png/content/dam/fom-website/drivers/L/LANSTR01_Lance_Stroll/lanstr01.png.transform/1col/image.png,CAN
10.0,22,62.0,1.0,False,False,False,,+1 LAP,1235,9515,1235,9515,Y TSUNODA,Yuki TSUNODA,TSU,RB,6692FF,Yuki,Tsunoda,https://media.formula1.com/d_driver_fallback_image.png/content/dam/fom-website/drivers/Y/YUKTSU01_Yuki_Tsunoda/yuktsu01.png.transform/1col/image.png,JPN
11.0,27,62.0,0.0,False,False,False,,+1 LAP,1235,9515,1235,9515,N HULKENBERG,Nico HULKENBERG,HUL,Haas F1 Team,B6BABD,Nico,Hulkenberg,https://media.formula1.com/d_driver_fallback_image.png/content/dam/fom-website/drivers/N/NICHUL01_Nico_Hulkenberg/nichul01.png.transform/1col/image.png,GER
12.0,20,62.0,0.0,False,False,False,,+1 LAP,1235,9515,1235,9515,K MAGNUSSEN,Kevin MAGNUSSEN,MAG,Haas F1 Team,B6BABD,Kevin,Magnussen,https://media.formula1.com/d_driver_fallback_image.png/content/dam/fom-website/drivers/K/KEVMAG01_Kevin_Magnussen/kevmag01.png.transform/1col/image.png,DEN
13.0,3,62.0,0.0,False,False,False,,+1 LAP,1235,9515,1235,9515,D RICCIARDO,Daniel RICCIARDO,RIC,RB,6692FF,Daniel,Ricciardo,https://media.formula1.com/d_driver_fallback_image.png/content/dam/fom-website/drivers/D/DANRIC01_Daniel_Ricciardo/danric01.png.transform/1col/image.png,AUS
14.0,31,62.0,0.0,False,False,False,,+1 LAP,1235,9515,1235,9515,E OCON,Esteban OCON,OCO,Alpine,0093cc,Esteban,Ocon,https://media.formula1.com/d_driver_fallback_image.png/content/dam/fom-website/drivers/E/ESTOCO01_Esteban_Ocon/estoco01.png.transform/1col/image.png,FRA
15.0,24,62.0,0.0,False,False,False,,+1 LAP,1235,9515,1235,9515,G ZHOU,ZHOU Guanyu,ZHO,Kick Sauber,52e252,Guanyu,Zhou,https://media.formula1.com/d_driver_fallback_image.png/content/dam/fom-website/drivers/G/GUAZHO01_Guanyu_Zhou/guazho01.png.transform/1col/image.png,CHN
16.0,10,62.0,0.0,False,False,False,,+1 LAP,1235,9515,1235,9515,P GASLY,Pierre GASLY,GAS,Alpine,0093cc,Pierre,Gasly,https://media.formula1.com/d_driver_fallback_image.png/content/dam/fom-website/drivers/P/PIEGAS01_Pierre_Gasly/piegas01.png.transform/1col/image.png,FRA
17.0,2,62.0,0.0,False,False,False,,+1 LAP,1235,9515,1235,9515,L SARGEANT,Logan SARGEANT,SAR,Williams,64C4FF,Logan,Sargeant,https://media.formula1.com/d_driver_fallback_image.png/content/dam/fom-website/drivers/L/LOGSAR01_Logan_Sargeant/logsar01.png.transform/1col/image.png,USA
18.0,77,62.0,0.0,False,False,False,,+1 LAP,1235,9515,1235,9515,V BOTTAS,Valtteri BOTTAS,BOT,Kick Sauber,52e252,Valtteri,Bottas,https://media.formula1.com/d_driver_fallback_image.png/content/dam/fom-website/drivers/V/VALBOT01_Valtteri_Bottas/valbot01.png.transform/1col/image.png,FIN
19.0,14,62.0,0.0,False,False,False,,+1 LAP,1235,9515,1235,9515,F ALONSO,Fernando ALONSO,ALO,Aston Martin,229971,Fernando,Alonso,https://media.formula1.com/d_driver_fallback_image.png/content/dam/fom-website/drivers/F/FERALO01_Fernando_Alonso/feralo01.png.transform/1col/image.png,ESP
,23,51.0,0.0,True,False,False,,,1235,9515,1235,9515,A ALBON,Alexander ALBON,ALB,Williams,64C4FF,Alexander,Albon,https://media.formula1.com/d_driver_fallback_image.png/content/dam/fom-website/drivers/A/ALEALB01_Alexander_Albon/alealb01.png.transform/1col/image.png,THA
1.0,16,78.0,25.0,False,False,False,8595.554,0,1236,9523,1236,9523,C LECLERC,Charles LECLERC,LEC,Ferrari,E80020,Charles,Leclerc,https://media.formula1.com/d_driver_fallback_image.png/content/dam/fom-website/drivers/C/CHALEC01_Charles_Leclerc/chalec01.png.transform/1col/image.png,MON
2.0,81,78.0,18.0,False,False,False,8602.706,7.152,1236,9523,1236,9523,O PIASTRI,Oscar PIASTRI,PIA,McLaren,FF8000,Oscar,Piastri,https://media.formula1.com/d_driver_fallback_image.png/content/dam/fom-website/drivers/O/OSCPIA01_Oscar_Piastri/oscpia01.png.transform/1col/image.png,AUS
3.0,55,78.0,15.0,False,False,False,8603.139,7.585,1236,9523,1236,9523,C SAINZ,Carlos SAINZ,SAI,Ferrari,E80020,Carlos,Sainz,https://media.formula1.com/d_driver_fallback_image.png/content/dam/fom-website/drivers/C/CARSAI01_Carlos_Sainz/carsai01.png.transform/1col/image.png,ESP
4.0,4,78.0,12.0,False,False,False,8604.204,8.65,1236,9523,1236,9523,L NORRIS,Lando NORRIS,NOR,McLaren,FF8000,Lando,Norris,https://media.formula1.com/d_driver_fallback_image.png/content/dam/fom-website/drivers/L/LANNOR01_Lando_Norris/lannor01.png.transform/1col/image.png,GBR
5.0,63,78.0,10.0,False,False,False,8608.863,13.309,1236,9523,1236,9523,G RUSSELL,George RUSSELL,RUS,Mercedes,27F4D2,George,Russell,https://media.formula1.com/d_driver_fallback_image.png/content/dam/fom-website/drivers/G/GEORUS01_George_Russell/georus01.png.transform/1col/image.png,GBR
6.0,1,78.0,8.0,False,False,False,8609.407,13.853,1236,9523,1236,9523,M VERSTAPPEN,Max VERSTAPPEN,VER,Red Bull Racing,3671C6,Max,Verstappen,https://media.formula1.com/d_driver_fallback_image.png/content/dam/fom-website/drivers/M/MAXVER01_Max_Verstappen/maxver01.png.transform/1col/image.png,NED
7.0,44,78.0,7.0,False,False,False,8610.462,14.908,1236,9523,1236,9523,L HAMILTON,Lewis HAMILTON,HAM,Mercedes,27F4D2,Lewis,Hamilton,https://media.formula1.com/d_driver_fallback_image.png/content/dam/fom-website/drivers/L/LEWHAM01_Lewis_Hamilton/lewham01.png.transform/1col/image.png,GBR
8.0,22,77.0,4.0,False,False,False,,+1 LAP,1236,9523,1236,9523,Y TSUNODA,Yuki TSUNODA,TSU,RB,6692FF,Yuki,Tsunoda,https://media.formula1.com/d_driver_fallback_image.png/content/dam/fom-website/drivers/Y/YUKTSU01_Yuki_Tsunoda/yuktsu01.png.transform/1col/image.png,JPN
9.0,23,77.0,2.0,False,False,False,,+1 LAP,1236,9523,1236,9523,A ALBON,Alexander ALBON,ALB,Williams,64C4FF,Alexander,Albon,https://media.formula1.com/d_driver_fallback_image.png/content/dam/fom-website/drivers/A/ALEALB01_Alexander_Albon/alealb01.png.transform/1col/image.png,THA
10.0,10,77.0,1.0,False,False,False,,+1 LAP,1236,9523,1236,9523,P GASLY,Pierre GASLY,GAS,Alpine,0093cc,Pierre,Gasly,https://media.formula1.com/d_driver_fallback_image.png/content/dam/fom-website/drivers/P/PIEGAS01_Pierre_Gasly/piegas01.png.transform/1col/image.png,FRA
11.0,14,76.0,0.0,False,False,False,,+2 LAPS,1236,9523,1236,9523,F ALONSO,Fernando ALONSO,ALO,Aston Martin,229971,Fernando,Alonso,https://media.formula1.com/d_driver_fallback_image.png/content/dam/fom-website/drivers/F/FERALO01_Fernando_Alonso/feralo01.png.transform/1col/image.png,ESP
12.0,3,76.0,0.0,False,False,False,,+2 LAPS,1236,9523,1236,9523,D RICCIARDO,Daniel RICCIARDO,RIC,RB,6692FF,Daniel,Ricciardo,https://media.formula1.com/d_driver_fallback_image.png/content/dam/fom-website/drivers/D/DANRIC01_Daniel_Ricciardo/danric01.png.transform/1col/image.png,AUS
13.0,77,76.0,0.0,False,False,False,,+2 LAPS,1236,9523,1236,9523,V BOTTAS,Valtteri BOTTAS,BOT,Kick Sauber,52e252,Valtteri,Bottas,https://media.formula1.com/d_driver_fallback_image.png/content/dam/fom-website/drivers/V/VALBOT01_Valtteri_Bottas/valbot01.png.transform/1col/image.png,FIN
14.0,18,76.0,0.0,False,False,False,,+2 LAPS,1236,9523,1236,9523,L STROLL,Lance STROLL,STR,Aston Martin,229971,Lance,Stroll,https://media.formula1.com/d_driver_fallback_image.png/content/dam/fom-website/drivers/L/LANSTR01_Lance_Stroll/lanstr01.png.transform/1col/image.png,CAN
15.0,2,76.0,0.0,False,False,False,,+2 LAPS,1236,9523,1236,9523,L SARGEANT,Logan SARGEANT,SAR,Williams,64C4FF,Logan,Sargeant,https://media.formula1.com/d_driver_fallback_image.png/content/dam/fom-website/drivers/L/LOGSAR01_Logan_Sargeant/logsar01.png.transform/1col/image.png,USA
16.0,24,76.0,0.0,False,False,False,,+2 LAPS,1236,9523,1236,9523,G ZHOU,ZHOU Guanyu,ZHO,Kick Sauber,52e252,Guanyu,Zhou,https://media.formula1.com/d_driver_fallback_image.png/content/dam/fom-website/drivers/G/GUAZHO01_Guanyu_Zhou/guazho01.png.transform/1col/image.png,CHN
,31,0.0,0.0,True,False,False,,,1236,9523,1236,9523,E OCON,Esteban OCON,OCO,Alpine,0093cc,Esteban,Ocon,https://media.formula1.com/d_driver_fallback_image.png/content/dam/fom-website/drivers/E/ESTOCO01_Esteban_Ocon/estoco01.png.transform/1col/image.png,FRA
,11,0.0,0.0,True,False,False,,,1236,9523,1236,9523,S PEREZ,Sergio PEREZ,PER,Red Bull Racing,3671C6,Sergio,Perez,https://media.formula1.com/d_driver_fallback_image.png/content/dam/fom-website/drivers/S/SERPER01_Sergio_Perez/serper01.png.transform/1col/image.png,MEX
,27,0.0,0.0,True,False,False,,,1236,9523,1236,9523,N HULKENBERG,Nico HULKENBERG,HUL,Haas F1 Team,B6BABD,Nico,Hulkenberg,https://media.formula1.com/d_driver_fallback_image.png/content/dam/fom-website/drivers/N/NICHUL01_Nico_Hulkenberg/nichul01.png.transform/1col/image.png,GER
,20,0.0,0.0,True,False,False,,,1236,9523,1236,9523,K MAGNUSSEN,Kevin MAGNUSSEN,MAG,Haas F1 Team,B6BABD,Kevin,Magnussen,https://media.formula1.com/d_driver_fallback_image.png/content/dam/fom-website/drivers/K/KEVMAG01_Kevin_Magnussen/kevmag01.png.transform/1col/image.png,DEN
1.0,1,70.0,25.0,False,False,False,6347.927,0,1237,9531,1237,9531,M VERSTAPPEN,Max VERSTAPPEN,VER,Red Bull Racing,3671C6,Max,Verstappen,https://media.formula1.com/d_driver_fallback_image.png/content/dam/fom-website/drivers/M/MAXVER01_Max_Verstappen/maxver01.png.transform/1col/image.png,NED
2.0,4,70.0,18.0,False,False,False,6351.806,3.879,1237,9531,1237,9531,L NORRIS,Lando NORRIS,NOR,McLaren,FF8000,Lando,Norris,https://media.formula1.com/d_driver_fallback_image.png/content/dam/fom-website/drivers/L/LANNOR01_Lando_Norris/lannor01.png.transform/1col/image.png,GBR
3.0,63,70.0,15.0,False,False,False,6352.244,4.317,1237,9531,1237,9531,G RUSSELL,George RUSSELL,RUS,Mercedes,27F4D2,George,Russell,https://media.formula1.com/d_driver_fallback_image.png/content/dam/fom-website/drivers/G/GEORUS01_George_Russell/georus01.png.transform/1col/image.png,GBR
4.0,44,70.0,13.0,False,False,False,6352.842,4.915,1237,9531,1237,9531,L HAMILTON,Lewis HAMILTON,HAM,Mercedes,27F4D2,Lewis,Hamilton,https://media.formula1.com/d_driver_fallback_image.png/content/dam/fom-website/drivers/L/LEWHAM01_Lewis_Hamilton/lewham01.png.transform/1col/image.png,GBR
5.0,81,70.0,10.0,False,False,False,6358.126,10.199,1237,9531,1237,9531,O PIASTRI,Oscar PIASTRI,PIA,McLaren,FF8000,Oscar,Piastri,https://media.formula1.com/d_driver_fallback_image.png/content/dam/fom-website/drivers/O/OSCPIA01_Oscar_Piastri/oscpia01.png.transform/1col/image.png,AUS
6.0,14,70.0,8.0,False,False,False,6365.437,17.51,1237,9531,1237,9531,F ALONSO,Fernando ALONSO,ALO,Aston Martin,229971,Fernando,Alonso,https://media.formula1.com/d_driver_fallback_image.png/content/dam/fom-website/drivers/F/FERALO01_Fernando_Alonso/feralo01.png.transform/1col/image.png,ESP
7.0,18,70.0,6.0,False,False,False,6371.552,23.625,1237,9531,1237,9531,L STROLL,Lance STROLL,STR,Aston Martin,229971,Lance,Stroll,https://media.formula1.com/d_driver_fallback_image.png/content/dam/fom-website/drivers/L/LANSTR01_Lance_Stroll/lanstr01.png.transform/1col/image.png,CAN
8.0,3,70.0,4.0,False,False,False,6376.599,28.672,1237,9531,1237,9531,D RICCIARDO,Daniel RICCIARDO,RIC,RB,6692FF,Daniel,Ricciardo,https://media.formula1.com/d_driver_fallback_image.png/content/dam/fom-website/drivers/D/DANRIC01_Daniel_Ricciardo/danric01.png.transform/1col/image.png,AUS
9.0,10,70.0,2.0,False,False,False,6377.948,30.021,1237,9531,1237,9531,P GASLY,Pierre GASLY,GAS,Alpine,0093CC,Pierre,Gasly,https://media.formula1.com/d_driver_fallback_image.png/content/dam/fom-website/drivers/P/PIEGAS01_Pierre_Gasly/piegas01.png.transform/1col/image.png,FRA
10.0,31,70.0,1.0,False,False,False,6378.24,30.313,1237,9531,1237,9531,E OCON,Esteban OCON,OCO,Alpine,0093CC,Esteban,Ocon,https://media.formula1.com/d_driver_fallback_image.png/content/dam/fom-website/drivers/E/ESTOCO01_Esteban_Ocon/estoco01.png.transform/1col/image.png,FRA
11.0,27,70.0,0.0,False,False,False,6378.751,30.824,1237,9531,1237,9531,N HULKENBERG,Nico HULKENBERG,HUL,Haas F1 Team,B6BABD,Nico,Hulkenberg,https://media.formula1.com/d_driver_fallback_image.png/content/dam/fom-website/drivers/N/NICHUL01_Nico_Hulkenberg/nichul01.png.transform/1col/image.png,GER
12.0,20,70.0,0.0,False,False,False,6379.18,31.253,1237,9531,1237,9531,K MAGNUSSEN,Kevin MAGNUSSEN,MAG,Haas F1 Team,B6BABD,Kevin,Magnussen,https://media.formula1.com/d_driver_fallback_image.png/content/dam/fom-website/drivers/K/KEVMAG01_Kevin_Magnussen/kevmag01.png.transform/1col/image.png,DEN
13.0,77,70.0,0.0,False,False,False,6388.414,40.487,1237,9531,1237,9531,V BOTTAS,Valtteri BOTTAS,BOT,Kick Sauber,52e252,Valtteri,Bottas,https://media.formula1.com/d_driver_fallback_image.png/content/dam/fom-website/drivers/V/VALBOT01_Valtteri_Bottas/valbot01.png.transform/1col/image.png,FIN
14.0,22,70.0,0.0,False,False,False,6400.621,52.694,1237,9531,1237,9531,Y TSUNODA,Yuki TSUNODA,TSU,RB,6692FF,Yuki,Tsunoda,https://media.formula1.com/d_driver_fallback_image.png/content/dam/fom-website/drivers/Y/YUKTSU01_Yuki_Tsunoda/yuktsu01.png.transform/1col/image.png,JPN
15.0,24,69.0,0.0,False,False,False,,+1 LAP,1237,9531,1237,9531,G ZHOU,ZHOU Guanyu,ZHO,Kick Sauber,52e252,Guanyu,Zhou,https://media.formula1.com/d_driver_fallback_image.png/content/dam/fom-website/drivers/G/GUAZHO01_Guanyu_Zhou/guazho01.png.transform/1col/image.png,CHN
,55,52.0,0.0,True,False,False,,,1237,9531,1237,9531,C SAINZ,Carlos SAINZ,SAI,Ferrari,E80020,Carlos,Sainz,https://media.formula1.com/d_driver_fallback_image.png/content/dam/fom-website/drivers/C/CARSAI01_Carlos_Sainz/carsai01.png.transform/1col/image.png,ESP
,23,52.0,0.0,True,False,False,,,1237,9531,1237,9531,A ALBON,Alexander ALBON,ALB,Williams,64C4FF,Alexander,Albon,https://media.formula1.com/d_driver_fallback_image.png/content/dam/fom-website/drivers/A/ALEALB01_Alexander_Albon/alealb01.png.transform/1col/image.png,THA
,11,51.0,0.0,True,False,False,,,1237,9531,1237,9531,S PEREZ,Sergio PEREZ,PER,Red Bull Racing,3671C6,Sergio,Perez,https://media.formula1.com/d_driver_fallback_image.png/content/dam/fom-website/drivers/S/SERPER01_Sergio_Perez/serper01.png.transform/1col/image.png,MEX
,16,40.0,0.0,True,False,False,,,1237,9531,1237,9531,C LECLERC,Charles LECLERC,LEC,Ferrari,E80020,Charles,Leclerc,https://media.formula1.com/d_driver_fallback_image.png/content/dam/fom-website/drivers/C/CHALEC01_Charles_Leclerc/chalec01.png.transform/1col/image.png,MON
,2,23.0,0.0,True,False,False,,,1237,9531,1237,9531,L SARGEANT,Logan SARGEANT,SAR,Williams,64C4FF,Logan,Sargeant,https://media.formula1.com/d_driver_fallback_image.png/content/dam/fom-website/drivers/L/LOGSAR01_Logan_Sargeant/logsar01.png.transform/1col/image.png,USA
1.0,1,66.0,25.0,False,False,False,5300.227,0,1238,9539,1238,9539,M VERSTAPPEN,Max VERSTAPPEN,VER,Red Bull Racing,3671C6,Max,Verstappen,https://media.formula1.com/d_driver_fallback_image.png/content/dam/fom-website/drivers/M/MAXVER01_Max_Verstappen/maxver01.png.transform/1col/image.png,NED
2.0,4,66.0,19.0,False,False,False,5302.446,2.219,1238,9539,1238,9539,L NORRIS,Lando NORRIS,NOR,McLaren,FF8000,Lando,Norris,https://media.formula1.com/d_driver_fallback_image.png/content/dam/fom-website/drivers/L/LANNOR01_Lando_Norris/lannor01.png.transform/1col/image.png,GBR
3.0,44,66.0,15.0,False,False,False,5318.017,17.79,1238,9539,1238,9539,L HAMILTON,Lewis HAMILTON,HAM,Mercedes,27F4D2,Lewis,Hamilton,https://media.formula1.com/d_driver_fallback_image.png/content/dam/fom-website/drivers/L/LEWHAM01_Lewis_Hamilton/lewham01.png.transform/1col/image.png,GBR
4.0,63,66.0,12.0,False,False,False,5322.547,22.32,1238,9539,1238,9539,G RUSSELL,George RUSSELL,RUS,Mercedes,27F4D2,George,Russell,https://media.formula1.com/d_driver_fallback_image.png/content/dam/fom-website/drivers/G/GEORUS01_George_Russell/georus01.png.transform/1col/image.png,GBR
5.0,16,66.0,10.0,False,False,False,5322.936,22.709,1238,9539,1238,9539,C LECLERC,Charles LECLERC,LEC,Ferrari,E80020,Charles,Leclerc,https://media.formula1.com/d_driver_fallback_image.png/content/dam/fom-website/drivers/C/CHALEC01_Charles_Leclerc/chalec01.png.transform/1col/image.png,MON
6.0,55,66.0,8.0,False,False,False,5331.255,31.028,1238,9539,1238,9539,C SAINZ,Carlos SAINZ,SAI,Ferrari,E80020,Carlos,Sainz,https://media.formula1.com/d_driver_fallback_image.png/content/dam/fom-website/drivers/C/CARSAI01_Carlos_Sainz/carsai01.png.transform/1col/image.png,ESP
7.0,81,66.0,6.0,False,False,False,5333.987,33.76,1238,9539,1238,9539,O PIASTRI,Oscar PIASTRI,PIA,McLaren,FF8000,Oscar,Piastri,https://media.formula1.com/d_driver_fallback_image.png/content/dam/fom-website/drivers/O/OSCPIA01_Oscar_Piastri/oscpia01.png.transform/1col/image.png,AUS
8.0,11,66.0,4.0,False,False,False,5359.751,59.524,1238,9539,1238,9539,S PEREZ,Sergio PEREZ,PER,Red Bull Racing,3671C6,Sergio,Perez,https://media.formula1.com/d_driver_fallback_image.png/content/dam/fom-website/drivers/S/SERPER01_Sergio_Perez/serper01.png.transform/1col/image.png,MEX
9.0,10,66.0,2.0,False,False,False,5362.252,62.025,1238,9539,1238,9539,P GASLY,Pierre GASLY,GAS,Alpine,0093cc,Pierre,Gasly,https://media.formula1.com/d_driver_fallback_image.png/content/dam/fom-website/drivers/P/PIEGAS01_Pierre_Gasly/piegas01.png.transform/1col/image.png,FRA
10.0,31,66.0,1.0,False,False,False,5372.116,71.889,1238,9539,1238,9539,E OCON,Esteban OCON,OCO,Alpine,0093cc,Esteban,Ocon,https://media.formula1.com/d_driver_fallback_image.png/content/dam/fom-website/drivers/E/ESTOCO01_Esteban_Ocon/estoco01.png.transform/1col/image.png,FRA
11.0,27,66.0,0.0,False,False,False,5379.442,79.215,1238,9539,1238,9539,N HULKENBERG,Nico HULKENBERG,HUL,Haas F1 Team,B6BABD,Nico,Hulkenberg,https://media.formula1.com/d_driver_fallback_image.png/content/dam/fom-website/drivers/N/NICHUL01_Nico_Hulkenberg/nichul01.png.transform/1col/image.png,GER
12.0,14,65.0,0.0,False,False,False,,+1 LAP,1238,9539,1238,9539,F ALONSO,Fernando ALONSO,ALO,Aston Martin,229971,Fernando,Alonso,https://media.formula1.com/d_driver_fallback_image.png/content/dam/fom-website/drivers/F/FERALO01_Fernando_Alonso/feralo01.png.transform/1col/image.png,ESP
13.0,24,65.0,0.0,False,False,False,,+1 LAP,1238,9539,1238,9539,G ZHOU,ZHOU Guanyu,ZHO,Kick Sauber,52e252,Guanyu,Zhou,https://media.formula1.com/d_driver_fallback_image.png/content/dam/fom-website/drivers/G/GUAZHO01_Guanyu_Zhou/guazho01.png.transform/1col/image.png,CHN
14.0,18,65.0,0.0,False,False,False,,+1 LAP,1238,9539,1238,9539,L STROLL,Lance STROLL,STR,Aston Martin,229971,Lance,Stroll,https://media.formula1.com/d_driver_fallback_image.png/content/dam/fom-website/drivers/L/LANSTR01_Lance_Stroll/lanstr01.png.transform/1col/image.png,CAN
15.0,3,65.0,0.0,False,False,False,,+1 LAP,1238,9539,1238,9539,D RICCIARDO,Daniel RICCIARDO,RIC,RB,6692FF,Daniel,Ricciardo,https://media.formula1.com/d_driver_fallback_image.png/content/dam/fom-website/drivers/D/DANRIC01_Daniel_Ricciardo/danric01.png.transform/1col/image.png,AUS
16.0,77,65.0,0.0,False,False,False,,+1 LAP,1238,9539,1238,9539,V BOTTAS,Valtteri BOTTAS,BOT,Kick Sauber,52e252,Valtteri,Bottas,https://media.formula1.com/d_driver_fallback_image.png/content/dam/fom-website/drivers/V/VALBOT01_Valtteri_Bottas/valbot01.png.transform/1col/image.png,FIN
17.0,20,65.0,0.0,False,False,False,,+1 LAP,1238,9539,1238,9539,K MAGNUSSEN,Kevin MAGNUSSEN,MAG,Haas F1 Team,B6BABD,Kevin,Magnussen,https://media.formula1.com/d_driver_fallback_image.png/content/dam/fom-website/drivers/K/KEVMAG01_Kevin_Magnussen/kevmag01.png.transform/1col/image.png,DEN
18.0,23,65.0,0.0,False,False,False,,+1 LAP,1238,9539,1238,9539,A ALBON,Alexander ALBON,ALB,Williams,64C4FF,Alexander,Albon,https://media.formula1.com/d_driver_fallback_image.png/content/dam/fom-website/drivers/A/ALEALB01_Alexander_Albon/alealb01.png.transform/1col/image.png,THA
19.0,22,65.0,0.0,False,False,False,,+1 LAP,1238,9539,1238,9539,Y TSUNODA,Yuki TSUNODA,TSU,RB,6692FF,Yuki,Tsunoda,https://media.formula1.com/d_driver_fallback_image.png/content/dam/fom-website/drivers/Y/YUKTSU01_Yuki_Tsunoda/yuktsu01.png.transform/1col/image.png,JPN
20.0,2,64.0,0.0,False,False,False,,+2 LAPS,1238,9539,1238,9539,L SARGEANT,Logan SARGEANT,SAR,Williams,64C4FF,Logan,Sargeant,https://media.formula1.com/d_driver_fallback_image.png/content/dam/fom-website/drivers/L/LOGSAR01_Logan_Sargeant/logsar01.png.transform/1col/image.png,USA
1.0,63,71.0,25.0,False,False,False,5062.798,0,1239,9550,1239,9550,G RUSSELL,George RUSSELL,RUS,Mercedes,27F4D2,George,Russell,https://media.formula1.com/d_driver_fallback_image.png/content/dam/fom-website/drivers/G/GEORUS01_George_Russell/georus01.png.transform/1col/image.png,GBR
2.0,81,71.0,18.0,False,False,False,5064.704,1.906,1239,9550,1239,9550,O PIASTRI,Oscar PIASTRI,PIA,McLaren,FF8000,Oscar,Piastri,https://media.formula1.com/d_driver_fallback_image.png/content/dam/fom-website/drivers/O/OSCPIA01_Oscar_Piastri/oscpia01.png.transform/1col/image.png,AUS
3.0,55,71.0,15.0,False,False,False,5067.331,4.533,1239,9550,1239,9550,C SAINZ,Carlos SAINZ,SAI,Ferrari,E80020,Carlos,Sainz,https://media.formula1.com/d_driver_fallback_image.png/content/dam/fom-website/drivers/C/CARSAI01_Carlos_Sainz/carsai01.png.transform/1col/image.png,ESP
4.0,44,71.0,12.0,False,False,False,5085.94,23.142,1239,9550,1239,9550,L HAMILTON,Lewis HAMILTON,HAM,Mercedes,27F4D2,Lewis,Hamilton,https://media.formula1.com/d_driver_fallback_image.png/content/dam/fom-website/drivers/L/LEWHAM01_Lewis_Hamilton/lewham01.png.transform/1col/image.png,GBR
5.0,1,71.0,10.0,False,False,False,5100.051,37.253,1239,9550,1239,9550,M VERSTAPPEN,Max VERSTAPPEN,VER,Red Bull Racing,3671C6,Max,Verstappen,https://media.formula1.com/d_driver_fallback_image.png/content/dam/fom-website/drivers/M/MAXVER01_Max_Verstappen/maxver01.png.transform/1col/image.png,NED
6.0,27,71.0,8.0,False,False,False,5116.886,54.088,1239,9550,1239,9550,N HULKENBERG,Nico HULKENBERG,HUL,Haas F1 Team,B6BABD,Nico,Hulkenberg,https://media.formula1.com/d_driver_fallback_image.png/content/dam/fom-website/drivers/N/NICHUL01_Nico_Hulkenberg/nichul01.png.transform/1col/image.png,GER
7.0,11,71.0,6.0,False,False,False,5117.47,54.672,1239,9550,1239,9550,S PEREZ,Sergio PEREZ,PER,Red Bull Racing,3671C6,Sergio,Perez,https://media.formula1.com/d_driver_fallback_image.png/content/dam/fom-website/drivers/S/SERPER01_Sergio_Perez/serper01.png.transform/1col/image.png,MEX
8.0,20,71.0,4.0,False,False,False,5123.153,60.355,1239,9550,1239,9550,K MAGNUSSEN,Kevin MAGNUSSEN,MAG,Haas F1 Team,B6BABD,Kevin,Magnussen,https://media.formula1.com/d_driver_fallback_image.png/content/dam/fom-website/drivers/K/KEVMAG01_Kevin_Magnussen/kevmag01.png.transform/1col/image.png,DEN
9.0,3,71.0,2.0,False,False,False,5123.967,61.169,1239,9550,1239,9550,D RICCIARDO,Daniel RICCIARDO,RIC,RB,6692FF,Daniel,Ricciardo,https://media.formula1.com/d_driver_fallback_image.png/content/dam/fom-website/drivers/D/DANRIC01_Daniel_Ricciardo/danric01.png.transform/1col/image.png,AUS
10.0,10,71.0,1.0,False,False,False,5124.564,61.766,1239,9550,1239,9550,P GASLY,Pierre GASLY,GAS,Alpine,0093cc,Pierre,Gasly,https://media.formula1.com/d_driver_fallback_image.png/content/dam/fom-website/drivers/P/PIEGAS01_Pierre_Gasly/piegas01.png.transform/1col/image.png,FRA
11.0,16,71.0,0.0,False,False,False,5129.854,67.056,1239,9550,1239,9550,C LECLERC,Charles LECLERC,LEC,Ferrari,E80020,Charles,Leclerc,https://media.formula1.com/d_driver_fallback_image.png/content/dam/fom-website/drivers/C/CHALEC01_Charles_Leclerc/chalec01.png.transform/1col/image.png,MON
12.0,31,71.0,0.0,False,False,False,5131.123,68.325,1239,9550,1239,9550,E OCON,Esteban OCON,OCO,Alpine,0093cc,Esteban,Ocon,https://media.formula1.com/d_driver_fallback_image.png/content/dam/fom-website/drivers/E/ESTOCO01_Esteban_Ocon/estoco01.png.transform/1col/image.png,FRA
13.0,18,70.0,0.0,False,False,False,,+1 LAP,1239,9550,1239,9550,L STROLL,Lance STROLL,STR,Aston Martin,229971,Lance,Stroll,https://media.formula1.com/d_driver_fallback_image.png/content/dam/fom-website/drivers/L/LANSTR01_Lance_Stroll/lanstr01.png.transform/1col/image.png,CAN
14.0,22,70.0,0.0,False,False,False,,+1 LAP,1239,9550,1239,9550,Y TSUNODA,Yuki TSUNODA,TSU,RB,6692FF,Yuki,Tsunoda,https://media.formula1.com/d_driver_fallback_image.png/content/dam/fom-website/drivers/Y/YUKTSU01_Yuki_Tsunoda/yuktsu01.png.transform/1col/image.png,JPN
15.0,23,70.0,0.0,False,False,False,,+1 LAP,1239,9550,1239,9550,A ALBON,Alexander ALBON,ALB,Williams,64C4FF,Alexander,Albon,https://media.formula1.com/d_driver_fallback_image.png/content/dam/fom-website/drivers/A/ALEALB01_Alexander_Albon/alealb01.png.transform/1col/image.png,THA
16.0,77,70.0,0.0,False,False,False,,+1 LAP,1239,9550,1239,9550,V BOTTAS,Valtteri BOTTAS,BOT,Kick Sauber,52e252,Valtteri,Bottas,https://media.formula1.com/d_driver_fallback_image.png/content/dam/fom-website/drivers/V/VALBOT01_Valtteri_Bottas/valbot01.png.transform/1col/image.png,FIN
17.0,24,70.0,0.0,False,False,False,,+1 LAP,1239,9550,1239,9550,G ZHOU,ZHOU Guanyu,ZHO,Kick Sauber,52e252,Guanyu,Zhou,https://media.formula1.com/d_driver_fallback_image.png/content/dam/fom-website/drivers/G/GUAZHO01_Guanyu_Zhou/guazho01.png.transform/1col/image.png,CHN
18.0,14,70.0,0.0,False,False,False,,+1 LAP,1239,9550,1239,9550,F ALONSO,Fernando ALONSO,ALO,Aston Martin,229971,Fernando,Alonso,https://media.formula1.com/d_driver_fallback_image.png/content/dam/fom-website/drivers/F/FERALO01_Fernando_Alonso/feralo01.png.transform/1col/image.png,ESP
19.0,2,69.0,0.0,False,False,False,,+2 LAPS,1239,9550,1239,9550,L SARGEANT,Logan SARGEANT,SAR,Williams,64C4FF,Logan,Sargeant,https://media.formula1.com/d_driver_fallback_image.png/content/dam/fom-website/drivers/L/LOGSAR01_Logan_Sargeant/logsar01.png.transform/1col/image.png,USA
20.0,4,64.0,0.0,False,False,False,,+7 LAPS,1239,9550,1239,9550,L NORRIS,Lando NORRIS,NOR,McLaren,FF8000,Lando,Norris,https://media.formula1.com/d_driver_fallback_image.png/content/dam/fom-website/drivers/L/LANNOR01_Lando_Norris/lannor01.png.transform/1col/image.png,GBR
1.0,44,52.0,25.0,False,False,False,4947.059,0,1240,9558,1240,9558,L HAMILTON,Lewis HAMILTON,HAM,Mercedes,27F4D2,Lewis,Hamilton,https://media.formula1.com/d_driver_fallback_image.png/content/dam/fom-website/drivers/L/LEWHAM01_Lewis_Hamilton/lewham01.png.transform/1col/image.png,GBR
2.0,1,52.0,18.0,False,False,False,4948.524,1.465,1240,9558,1240,9558,M VERSTAPPEN,Max VERSTAPPEN,VER,Red Bull Racing,3671C6,Max,Verstappen,https://media.formula1.com/d_driver_fallback_image.png/content/dam/fom-website/drivers/M/MAXVER01_Max_Verstappen/maxver01.png.transform/1col/image.png,NED
3.0,4,52.0,15.0,False,False,False,4954.606,7.547,1240,9558,1240,9558,L NORRIS,Lando NORRIS,NOR,McLaren,FF8000,Lando,Norris,https://media.formula1.com/d_driver_fallback_image.png/content/dam/fom-website/drivers/L/LANNOR01_Lando_Norris/lannor01.png.transform/1col/image.png,GBR
4.0,81,52.0,12.0,False,False,False,4959.488,12.429,1240,9558,1240,9558,O PIASTRI,Oscar PIASTRI,PIA,McLaren,FF8000,Oscar,Piastri,https://media.formula1.com/d_driver_fallback_image.png/content/dam/fom-website/drivers/O/OSCPIA01_Oscar_Piastri/oscpia01.png.transform/1col/image.png,AUS
5.0,55,52.0,11.0,False,False,False,4994.377,47.318,1240,9558,1240,9558,C SAINZ,Carlos SAINZ,SAI,Ferrari,E80020,Carlos,Sainz,https://media.formula1.com/d_driver_fallback_image.png/content/dam/fom-website/drivers/C/CARSAI01_Carlos_Sainz/carsai01.png.transform/1col/image.png,ESP
6.0,27,52.0,8.0,False,False,False,5002.781,55.722,1240,9558,1240,9558,N HULKENBERG,Nico HULKENBERG,HUL,Haas F1 Team,B6BABD,Nico,Hulkenberg,https://media.formula1.com/d_driver_fallback_image.png/content/dam/fom-website/drivers/N/NICHUL01_Nico_Hulkenberg/nichul01.png.transform/1col/image.png,GER
7.0,18,52.0,6.0,False,False,False,5003.628,56.569,1240,9558,1240,9558,L STROLL,Lance STROLL,STR,Aston Martin,229971,Lance,Stroll,https://media.formula1.com/d_driver_fallback_image.png/content/dam/fom-website/drivers/L/LANSTR01_Lance_Stroll/lanstr01.png.transform/1col/image.png,CAN
8.0,14,52.0,4.0,False,False,False,5010.636,63.577,1240,9558,1240,9558,F ALONSO,Fernando ALONSO,ALO,Aston Martin,229971,Fernando,Alonso,https://media.formula1.com/d_driver_fallback_image.png/content/dam/fom-website/drivers/F/FERALO01_Fernando_Alonso/feralo01.png.transform/1col/image.png,ESP
9.0,23,52.0,2.0,False,False,False,5015.446,68.387,1240,9558,1240,9558,A ALBON,Alexander ALBON,ALB,Williams,64C4FF,Alexander,Albon,https://media.formula1.com/d_driver_fallback_image.png/content/dam/fom-website/drivers/A/ALEALB01_Alexander_Albon/alealb01.png.transform/1col/image.png,THA
10.0,22,52.0,1.0,False,False,False,5026.362,79.303,1240,9558,1240,9558,Y TSUNODA,Yuki TSUNODA,TSU,RB,6692FF,Yuki,Tsunoda,https://media.formula1.com/d_driver_fallback_image.png/content/dam/fom-website/drivers/Y/YUKTSU01_Yuki_Tsunoda/yuktsu01.png.transform/1col/image.png,JPN
11.0,2,52.0,0.0,False,False,False,5036.019,88.96,1240,9558,1240,9558,L SARGEANT,Logan SARGEANT,SAR,Williams,64C4FF,Logan,Sargeant,https://media.formula1.com/d_driver_fallback_image.png/content/dam/fom-website/drivers/L/LOGSAR01_Logan_Sargeant/logsar01.png.transform/1col/image.png,USA
12.0,20,52.0,0.0,False,False,False,5037.212,90.153,1240,9558,1240,9558,K MAGNUSSEN,Kevin MAGNUSSEN,MAG,Haas F1 Team,B6BABD,Kevin,Magnussen,https://media.formula1.com/d_driver_fallback_image.png/content/dam/fom-website/drivers/K/KEVMAG01_Kevin_Magnussen/kevmag01.png.transform/1col/image.png,DEN
13.0,3,51.0,0.0,False,False,False,,+1 LAP,1240,9558,1240,9558,D RICCIARDO,Daniel RICCIARDO,RIC,RB,6692FF,Daniel,Ricciardo,https://media.formula1.com/d_driver_fallback_image.png/content/dam/fom-website/drivers/D/DANRIC01_Daniel_Ricciardo/danric01.png.transform/1col/image.png,AUS
14.0,16,51.0,0.0,False,False,False,,+1 LAP,1240,9558,1240,9558,C LECLERC,Charles LECLERC,LEC,Ferrari,E80020,Charles,Leclerc,https://media.formula1.com/d_driver_fallback_image.png/content/dam/fom-website/drivers/C/CHALEC01_Charles_Leclerc/chalec01.png.transform/1col/image.png,MON
15.0,77,51.0,0.0,False,False,False,,+1 LAP,1240,9558,1240,9558,V BOTTAS,Valtteri BOTTAS,BOT,Kick Sauber,52e252,Valtteri,Bottas,https://media.formula1.com/d_driver_fallback_image.png/content/dam/fom-website/drivers/V/VALBOT01_Valtteri_Bottas/valbot01.png.transform/1col/image.png,FIN
16.0,31,50.0,0.0,False,False,False,,+2 LAPS,1240,9558,1240,9558,E OCON,Esteban OCON,OCO,Alpine,0093cc,Esteban,Ocon,https://media.formula1.com/d_driver_fallback_image.png/content/dam/fom-website/drivers/E/ESTOCO01_Esteban_Ocon/estoco01.png.transform/1col/image.png,FRA
17.0,11,50.0,0.0,False,False,False,,+2 LAPS,1240,9558,1240,9558,S PEREZ,Sergio PEREZ,PER,Red Bull Racing,3671C6,Sergio,Perez,https://media.formula1.com/d_driver_fallback_image.png/content/dam/fom-website/drivers/S/SERPER01_Sergio_Perez/serper01.png.transform/1col/image.png,MEX
18.0,24,50.0,0.0,False,False,False,,+2 LAPS,1240,9558,1240,9558,G ZHOU,ZHOU Guanyu,ZHO,Kick Sauber,52e252,Guanyu,Zhou,https://media.formula1.com/d_driver_fallback_image.png/content/dam/fom-website/drivers/G/GUAZHO01_Guanyu_Zhou/guazho01.png.transform/1col/image.png,CHN
,63,33.0,0.0,True,False,False,,,1240,9558,1240,9558,G RUSSELL,George RUSSELL,RUS,Mercedes,27F4D2,George,Russell,https://media.formula1.com/d_driver_fallback_image.png/content/dam/fom-website/drivers/G/GEORUS01_George_Russell/georus01.png.transform/1col/image.png,GBR
,10,0.0,0.0,False,True,False,,,1240,9558,1240,9558,P GASLY,Pierre GASLY,GAS,Alpine,0093cc,Pierre,Gasly,https://media.formula1.com/d_driver_fallback_image.png/content/dam/fom-website/drivers/P/PIEGAS01_Pierre_Gasly/piegas01.png.transform/1col/image.png,FRA
1.0,81,70.0,25.0,False,False,False,5881.989,0,1241,9566,1241,9566,O PIASTRI,Oscar PIASTRI,PIA,McLaren,FF8000,Oscar,Piastri,https://media.formula1.com/d_driver_fallback_image.png/content/dam/fom-website/drivers/O/OSCPIA01_Oscar_Piastri/oscpia01.png.transform/1col/image.png,AUS
2.0,4,70.0,18.0,False,False,False,5884.13,2.141,1241,9566,1241,9566,L NORRIS,Lando NORRIS,NOR,McLaren,FF8000,Lando,Norris,https://media.formula1.com/d_driver_fallback_image.png/content/dam/fom-website/drivers/L/LANNOR01_Lando_Norris/lannor01.png.transform/1col/image.png,GBR
3.0,44,70.0,15.0,False,False,False,5896.869,14.88,1241,9566,1241,9566,L HAMILTON,Lewis HAMILTON,HAM,Mercedes,27F4D2,Lewis,Hamilton,https://media.formula1.com/d_driver_fallback_image.png/content/dam/fom-website/drivers/L/LEWHAM01_Lewis_Hamilton/lewham01.png.transform/1col/image.png,GBR
4.0,16,70.0,12.0,False,False,False,5901.675,19.686,1241,9566,1241,9566,C LECLERC,Charles LECLERC,LEC,Ferrari,E80020,Charles,Leclerc,https://media.formula1.com/d_driver_fallback_image.png/content/dam/fom-website/drivers/C/CHALEC01_Charles_Leclerc/chalec01.png.transform/1col/image.png,MON
5.0,1,70.0,10.0,False,False,False,5903.338,21.349,1241,9566,1241,9566,M VERSTAPPEN,Max VERSTAPPEN,VER,Red Bull Racing,3671C6,Max,Verstappen,https://media.formula1.com/d_driver_fallback_image.png/content/dam/fom-website/drivers/M/MAXVER01_Max_Verstappen/maxver01.png.transform/1col/image.png,NED
6.0,55,70.0,8.0,False,False,False,5905.062,23.073,1241,9566,1241,9566,C SAINZ,Carlos SAINZ,SAI,Ferrari,E80020,Carlos,Sainz,https://media.formula1.com/d_driver_fallback_image.png/content/dam/fom-website/drivers/C/CARSAI01_Carlos_Sainz/carsai01.png.transform/1col/image.png,ESP
7.0,11,70.0,6.0,False,False,False,5921.781,39.792,1241,9566,1241,9566,S PEREZ,Sergio PEREZ,PER,Red Bull Racing,3671C6,Sergio,Perez,https://media.formula1.com/d_driver_fallback_image.png/content/dam/fom-website/drivers/S/SERPER01_Sergio_Perez/serper01.png.transform/1col/image.png,MEX
8.0,63,70.0,5.0,False,False,False,5924.357,42.368,1241,9566,1241,9566,G RUSSELL,George RUSSELL,RUS,Mercedes,27F4D2,George,Russell,https://media.formula1.com/d_driver_fallback_image.png/content/dam/fom-website/drivers/G/GEORUS01_George_Russell/georus01.png.transform/1col/image.png,GBR
9.0,22,70.0,2.0,False,False,False,5959.248,77.259,1241,9566,1241,9566,Y TSUNODA,Yuki TSUNODA,TSU,RB,6692FF,Yuki,Tsunoda,https://media.formula1.com/d_driver_fallback_image.png/content/dam/fom-website/drivers/Y/YUKTSU01_Yuki_Tsunoda/yuktsu01.png.transform/1col/image.png,JPN
10.0,18,70.0,1.0,False,False,False,5959.965,77.976,1241,9566,1241,9566,L STROLL,Lance STROLL,STR,Aston Martin,229971,Lance,Stroll,https://media.formula1.com/d_driver_fallback_image.png/content/dam/fom-website/drivers/L/LANSTR01_Lance_Stroll/lanstr01.png.transform/1col/image.png,CAN
11.0,14,70.0,0.0,False,False,False,5964.449,82.46,1241,9566,1241,9566,F ALONSO,Fernando ALONSO,ALO,Aston Martin,229971,Fernando,Alonso,https://media.formula1.com/d_driver_fallback_image.png/content/dam/fom-website/drivers/F/FERALO01_Fernando_Alonso/feralo01.png.transform/1col/image.png,ESP
12.0,3,69.0,0.0,False,False,False,,+1 LAP,1241,9566,1241,9566,D RICCIARDO,Daniel RICCIARDO,RIC,RB,6692FF,Daniel,Ricciardo,https://media.formula1.com/d_driver_fallback_image.png/content/dam/fom-website/drivers/D/DANRIC01_Daniel_Ricciardo/danric01.png.transform/1col/image.png,AUS
13.0,27,69.0,0.0,False,False,False,,+1 LAP,1241,9566,1241,9566,N HULKENBERG,Nico HULKENBERG,HUL,Haas F1 Team,B6BABD,Nico,Hulkenberg,https://media.formula1.com/d_driver_fallback_image.png/content/dam/fom-website/drivers/N/NICHUL01_Nico_Hulkenberg/nichul01.png.transform/1col/image.png,GER
14.0,23,69.0,0.0,False,False,False,,+1 LAP,1241,9566,1241,9566,A ALBON,Alexander ALBON,ALB,Williams,64C4FF,Alexander,Albon,https://media.formula1.com/d_driver_fallback_image.png/content/dam/fom-website/drivers/A/ALEALB01_Alexander_Albon/alealb01.png.transform/1col/image.png,THA
15.0,20,69.0,0.0,False,False,False,,+1 LAP,1241,9566,1241,9566,K MAGNUSSEN,Kevin MAGNUSSEN,MAG,Haas F1 Team,B6BABD,Kevin,Magnussen,https://media.formula1.com/d_driver_fallback_image.png/content/dam/fom-website/drivers/K/KEVMAG01_Kevin_Magnussen/kevmag01.png.transform/1col/image.png,DEN
16.0,77,69.0,0.0,False,False,False,,+1 LAP,1241,9566,1241,9566,V BOTTAS,Valtteri BOTTAS,BOT,Kick Sauber,52e252,Valtteri,Bottas,https://media.formula1.com/d_driver_fallback_image.png/content/dam/fom-website/drivers/V/VALBOT01_Valtteri_Bottas/valbot01.png.transform/1col/image.png,FIN
17.0,2,69.0,0.0,False,False,False,,+1 LAP,1241,9566,1241,9566,L SARGEANT,Logan SARGEANT,SAR,Williams,64C4FF,Logan,Sargeant,https://media.formula1.com/d_driver_fallback_image.png/content/dam/fom-website/drivers/L/LOGSAR01_Logan_Sargeant/logsar01.png.transform/1col/image.png,USA
18.0,31,69.0,0.0,False,False,False,,+1 LAP,1241,9566,1241,9566,E OCON,Esteban OCON,OCO,Alpine,0093cc,Esteban,Ocon,https://media.formula1.com/d_driver_fallback_image.png/content/dam/fom-website/drivers/E/ESTOCO01_Esteban_Ocon/estoco01.png.transform/1col/image.png,FRA
19.0,24,69.0,0.0,False,False,False,,+1 LAP,1241,9566,1241,9566,G ZHOU,ZHOU Guanyu,ZHO,Kick Sauber,52e252,Guanyu,Zhou,https://media.formula1.com/d_driver_fallback_image.png/content/dam/fom-website/drivers/G/GUAZHO01_Guanyu_Zhou/guazho01.png.transform/1col/image.png,CHN
,10,33.0,0.0,True,False,False,,,1241,9566,1241,9566,P GASLY,Pierre GASLY,GAS,Alpine,0093cc,Pierre,Gasly,https://media.formula1.com/d_driver_fallback_image.png/content/dam/fom-website/drivers/P/PIEGAS01_Pierre_Gasly/piegas01.png.transform/1col/image.png,FRA
1.0,44,44.0,25.0,False,False,False,4797.566,0.0,1242,9574,1242,9574,L HAMILTON,Lewis HAMILTON,HAM,Mercedes,27F4D2,Lewis,Hamilton,https://media.formula1.com/d_driver_fallback_image.png/content/dam/fom-website/drivers/L/LEWHAM01_Lewis_Hamilton/lewham01.png.transform/1col/image.png,GBR
2.0,81,44.0,18.0,False,False,False,4798.213,0.647,1242,9574,1242,9574,O PIASTRI,Oscar PIASTRI,PIA,McLaren,FF8000,Oscar,Piastri,https://media.formula1.com/d_driver_fallback_image.png/content/dam/fom-website/drivers/O/OSCPIA01_Oscar_Piastri/oscpia01.png.transform/1col/image.png,AUS
3.0,16,44.0,15.0,False,False,False,4805.589,8.023,1242,9574,1242,9574,C LECLERC,Charles LECLERC,LEC,Ferrari,E80020,Charles,Leclerc,https://media.formula1.com/d_driver_fallback_image.png/content/dam/fom-website/drivers/C/CHALEC01_Charles_Leclerc/chalec01.png.transform/1col/image.png,MON
4.0,1,44.0,12.0,False,False,False,4806.266,8.7,1242,9574,1242,9574,M VERSTAPPEN,Max VERSTAPPEN,VER,Red Bull Racing,3671C6,Max,Verstappen,https://media.formula1.com/d_driver_fallback_image.png/content/dam/fom-website/drivers/M/MAXVER01_Max_Verstappen/maxver01.png.transform/1col/image.png,NED
5.0,4,44.0,10.0,False,False,False,4806.89,9.324,1242,9574,1242,9574,L NORRIS,Lando NORRIS,NOR,McLaren,FF8000,Lando,Norris,https://media.formula1.com/d_driver_fallback_image.png/content/dam/fom-website/drivers/L/LANNOR01_Lando_Norris/lannor01.png.transform/1col/image.png,GBR
6.0,55,44.0,8.0,False,False,False,4816.835,19.269,1242,9574,1242,9574,C SAINZ,Carlos SAINZ,SAI,Ferrari,E80020,Carlos,Sainz,https://media.formula1.com/d_driver_fallback_image.png/content/dam/fom-website/drivers/C/CARSAI01_Carlos_Sainz/carsai01.png.transform/1col/image.png,ESP
7.0,11,44.0,7.0,False,False,False,4840.235,42.669,1242,9574,1242,9574,S PEREZ,Sergio PEREZ,PER,Red Bull Racing,3671C6,Sergio,Perez,https://media.formula1.com/d_driver_fallback_image.png/content/dam/fom-website/drivers/S/SERPER01_Sergio_Perez/serper01.png.transform/1col/image.png,MEX
8.0,14,44.0,4.0,False,False,False,4847.003,49.437,1242,9574,1242,9574,F ALONSO,Fernando ALONSO,ALO,Aston Martin,229971,Fernando,Alonso,https://media.formula1.com/d_driver_fallback_image.png/content/dam/fom-website/drivers/F/FERALO01_Fernando_Alonso/feralo01.png.transform/1col/image.png,ESP
9.0,31,44.0,2.0,False,False,False,4849.592,52.026,1242,9574,1242,9574,E OCON,Esteban OCON,OCO,Alpine,0093cc,Esteban,Ocon,https://media.formula1.com/d_driver_fallback_image.png/content/dam/fom-website/drivers/E/ESTOCO01_Esteban_Ocon/estoco01.png.transform/1col/image.png,FRA
10.0,3,44.0,1.0,False,False,False,4851.966,54.4,1242,9574,1242,9574,D RICCIARDO,Daniel RICCIARDO,RIC,RB,6692FF,Daniel,Ricciardo,https://media.formula1.com/d_driver_fallback_image.png/content/dam/fom-website/drivers/D/DANRIC01_Daniel_Ricciardo/danric01.png.transform/1col/image.png,AUS
11.0,18,44.0,0.0,False,False,False,4860.051,62.485,1242,9574,1242,9574,L STROLL,Lance STROLL,STR,Aston Martin,229971,Lance,Stroll,https://media.formula1.com/d_driver_fallback_image.png/content/dam/fom-website/drivers/L/LANSTR01_Lance_Stroll/lanstr01.png.transform/1col/image.png,CAN
12.0,23,44.0,0.0,False,False,False,4860.691,63.125,1242,9574,1242,9574,A ALBON,Alexander ALBON,ALB,Williams,64C4FF,Alexander,Albon,https://media.formula1.com/d_driver_fallback_image.png/content/dam/fom-website/drivers/A/ALEALB01_Alexander_Albon/alealb01.png.transform/1col/image.png,THA
13.0,10,44.0,0.0,False,False,False,4861.405,63.839,1242,9574,1242,9574,P GASLY,Pierre GASLY,GAS,Alpine,0093cc,Pierre,Gasly,https://media.formula1.com/d_driver_fallback_image.png/content/dam/fom-website/drivers/P/PIEGAS01_Pierre_Gasly/piegas01.png.transform/1col/image.png,FRA
14.0,20,44.0,0.0,False,False,False,4863.671,66.105,1242,9574,1242,9574,K MAGNUSSEN,Kevin MAGNUSSEN,MAG,Haas F1 Team,B6BABD,Kevin,Magnussen,https://media.formula1.com/d_driver_fallback_image.png/content/dam/fom-website/drivers/K/KEVMAG01_Kevin_Magnussen/kevmag01.png.transform/1col/image.png,DEN
15.0,77,44.0,0.0,False,False,False,4867.678,70.112,1242,9574,1242,9574,V BOTTAS,Valtteri BOTTAS,BOT,Kick Sauber,52e252,Valtteri,Bottas,https://media.formula1.com/d_driver_fallback_image.png/content/dam/fom-website/drivers/V/VALBOT01_Valtteri_Bottas/valbot01.png.transform/1col/image.png,FIN
16.0,22,44.0,0.0,False,False,False,4873.777,76.211,1242,9574,1242,9574,Y TSUNODA,Yuki TSUNODA,TSU,RB,6692FF,Yuki,Tsunoda,https://media.formula1.com/d_driver_fallback_image.png/content/dam/fom-website/drivers/Y/YUKTSU01_Yuki_Tsunoda/yuktsu01.png.transform/1col/image.png,JPN
17.0,2,44.0,0.0,False,False,False,4883.097,85.531,1242,9574,1242,9574,L SARGEANT,Logan SARGEANT,SAR,Williams,64C4FF,Logan,Sargeant,https://media.formula1.com/d_driver_fallback_image.png/content/dam/fom-website/drivers/L/LOGSAR01_Logan_Sargeant/logsar01.png.transform/1col/image.png,USA
18.0,27,44.0,0.0,False,False,False,4885.873,88.307,1242,9574,1242,9574,N HULKENBERG,Nico HULKENBERG,HUL,Haas F1 Team,B6BABD,Nico,Hulkenberg,https://media.formula1.com/d_driver_fallback_image.png/content/dam/fom-website/drivers/N/NICHUL01_Nico_Hulkenberg/nichul01.png.transform/1col/image.png,GER
,24,5.0,0.0,True,False,False,,,1242,9574,1242,9574,G ZHOU,ZHOU Guanyu,ZHO,Kick Sauber,52e252,Guanyu,Zhou,https://media.formula1.com/d_driver_fallback_image.png/content/dam/fom-website/drivers/G/GUAZHO01_Guanyu_Zhou/guazho01.png.transform/1col/image.png,CHN
,63,44.0,0.0,False,False,True,4797.04,,1242,9574,1242,9574,G RUSSELL,George RUSSELL,RUS,Mercedes,27F4D2,George,Russell,https://media.formula1.com/d_driver_fallback_image.png/content/dam/fom-website/drivers/G/GEORUS01_George_Russell/georus01.png.transform/1col/image.png,GBR
1.0,4,72.0,26.0,False,False,False,5445.519,0,1243,9582,1243,9582,L NORRIS,Lando NORRIS,NOR,McLaren,FF8000,Lando,Norris,https://media.formula1.com/d_driver_fallback_image.png/content/dam/fom-website/drivers/L/LANNOR01_Lando_Norris/lannor01.png.transform/1col/image.png,GBR
2.0,1,72.0,18.0,False,False,False,5468.415,22.896,1243,9582,1243,9582,M VERSTAPPEN,Max VERSTAPPEN,VER,Red Bull Racing,3671C6,Max,Verstappen,https://media.formula1.com/d_driver_fallback_image.png/content/dam/fom-website/drivers/M/MAXVER01_Max_Verstappen/maxver01.png.transform/1col/image.png,NED
3.0,16,72.0,15.0,False,False,False,5470.958,25.439,1243,9582,1243,9582,C LECLERC,Charles LECLERC,LEC,Ferrari,E80020,Charles,Leclerc,https://media.formula1.com/d_driver_fallback_image.png/content/dam/fom-website/drivers/C/CHALEC01_Charles_Leclerc/chalec01.png.transform/1col/image.png,MON
4.0,81,72.0,12.0,False,False,False,5472.856,27.337,1243,9582,1243,9582,O PIASTRI,Oscar PIASTRI,PIA,McLaren,FF8000,Oscar,Piastri,https://media.formula1.com/d_driver_fallback_image.png/content/dam/fom-website/drivers/O/OSCPIA01_Oscar_Piastri/oscpia01.png.transform/1col/image.png,AUS
5.0,55,72.0,10.0,False,False,False,5477.656,32.137,1243,9582,1243,9582,C SAINZ,Carlos SAINZ,SAI,Ferrari,E80020,Carlos,Sainz,https://media.formula1.com/d_driver_fallback_image.png/content/dam/fom-website/drivers/C/CARSAI01_Carlos_Sainz/carsai01.png.transform/1col/image.png,ESP
6.0,11,72.0,8.0,False,False,False,5485.061,39.542,1243,9582,1243,9582,S PEREZ,Sergio PEREZ,PER,Red Bull Racing,3671C6,Sergio,Perez,https://media.formula1.com/d_driver_fallback_image.png/content/dam/fom-website/drivers/S/SERPER01_Sergio_Perez/serper01.png.transform/1col/image.png,MEX
7.0,63,72.0,6.0,False,False,False,5490.136,44.617,1243,9582,1243,9582,G RUSSELL,George RUSSELL,RUS,Mercedes,27F4D2,George,Russell,https://media.formula1.com/d_driver_fallback_image.png/content/dam/fom-website/drivers/G/GEORUS01_George_Russell/georus01.png.transform/1col/image.png,GBR
8.0,44,72.0,4.0,False,False,False,5495.118,49.599,1243,9582,1243,9582,L HAMILTON,Lewis HAMILTON,HAM,Mercedes,27F4D2,Lewis,Hamilton,https://media.formula1.com/d_driver_fallback_image.png/content/dam/fom-website/drivers/L/LEWHAM01_Lewis_Hamilton/lewham01.png.transform/1col/image.png,GBR
9.0,10,71.0,2.0,False,False,False,,+1 LAP,1243,9582,1243,9582,P GASLY,Pierre GASLY,GAS,Alpine,0093cc,Pierre,Gasly,https://media.formula1.com/d_driver_fallback_image.png/content/dam/fom-website/drivers/P/PIEGAS01_Pierre_Gasly/piegas01.png.transform/1col/image.png,FRA
10.0,14,71.0,1.0,False,False,False,,+1 LAP,1243,9582,1243,9582,F ALONSO,Fernando ALONSO,ALO,Aston Martin,229971,Fernando,Alonso,https://media.formula1.com/d_driver_fallback_image.png/content/dam/fom-website/drivers/F/FERALO01_Fernando_Alonso/feralo01.png.transform/1col/image.png,ESP
11.0,27,71.0,0.0,False,False,False,,+1 LAP,1243,9582,1243,9582,N HULKENBERG,Nico HULKENBERG,HUL,Haas F1 Team,B6BABD,Nico,Hulkenberg,https://media.formula1.com/d_driver_fallback_image.png/content/dam/fom-website/drivers/N/NICHUL01_Nico_Hulkenberg/nichul01.png.transform/1col/image.png,GER
12.0,3,71.0,0.0,False,False,False,,+1 LAP,1243,9582,1243,9582,D RICCIARDO,Daniel RICCIARDO,RIC,RB,6692FF,Daniel,Ricciardo,https://media.formula1.com/d_driver_fallback_image.png/content/dam/fom-website/drivers/D/DANRIC01_Daniel_Ricciardo/danric01.png.transform/1col/image.png,AUS
13.0,18,71.0,0.0,False,False,False,,+1 LAP,1243,9582,1243,9582,L STROLL,Lance STROLL,STR,Aston Martin,229971,Lance,Stroll,https://media.formula1.com/d_driver_fallback_image.png/content/dam/fom-website/drivers/L/LANSTR01_Lance_Stroll/lanstr01.png.transform/1col/image.png,CAN
14.0,23,71.0,0.0,False,False,False,,+1 LAP,1243,9582,1243,9582,A ALBON,Alexander ALBON,ALB,Williams,64C4FF,Alexander,Albon,https://media.formula1.com/d_driver_fallback_image.png/content/dam/fom-website/drivers/A/ALEALB01_Alexander_Albon/alealb01.png.transform/1col/image.png,THA
15.0,31,71.0,0.0,False,False,False,,+1 LAP,1243,9582,1243,9582,E OCON,Esteban OCON,OCO,Alpine,0093cc,Esteban,Ocon,https://media.formula1.com/d_driver_fallback_image.png/content/dam/fom-website/drivers/E/ESTOCO01_Esteban_Ocon/estoco01.png.transform/1col/image.png,FRA
16.0,2,71.0,0.0,False,False,False,,+1 LAP,1243,9582,1243,9582,L SARGEANT,Logan SARGEANT,SAR,Williams,64C4FF,Logan,Sargeant,https://media.formula1.com/d_driver_fallback_image.png/content/dam/fom-website/drivers/L/LOGSAR01_Logan_Sargeant/logsar01.png.transform/1col/image.png,USA
17.0,22,71.0,0.0,False,False,False,,+1 LAP,1243,9582,1243,9582,Y TSUNODA,Yuki TSUNODA,TSU,RB,6692FF,Yuki,Tsunoda,https://media.formula1.com/d_driver_fallback_image.png/content/dam/fom-website/drivers/Y/YUKTSU01_Yuki_Tsunoda/yuktsu01.png.transform/1col/image.png,JPN
18.0,20,71.0,0.0,False,False,False,,+1 LAP,1243,9582,1243,9582,K MAGNUSSEN,Kevin MAGNUSSEN,MAG,Haas F1 Team,B6BABD,Kevin,Magnussen,https://media.formula1.com/d_driver_fallback_image.png/content/dam/fom-website/drivers/K/KEVMAG01_Kevin_Magnussen/kevmag01.png.transform/1col/image.png,DEN
19.0,77,70.0,0.0,False,False,False,,+2 LAPS,1243,9582,1243,9582,V BOTTAS,Valtteri BOTTAS,BOT,Kick Sauber,52e252,Valtteri,Bottas,https://media.formula1.com/d_driver_fallback_image.png/content/dam/fom-website/drivers/V/VALBOT01_Valtteri_Bottas/valbot01.png.transform/1col/image.png,FIN
20.0,24,70.0,0.0,False,False,False,,+2 LAPS,1243,9582,1243,9582,G ZHOU,ZHOU Guanyu,ZHO,Kick Sauber,52e252,Guanyu,Zhou,https://media.formula1.com/d_driver_fallback_image.png/content/dam/fom-website/drivers/G/GUAZHO01_Guanyu_Zhou/guazho01.png.transform/1col/image.png,CHN
1.0,16,53.0,25.0,False,False,False,4480.727,0,1244,9590,1244,9590,C LECLERC,Charles LECLERC,LEC,Ferrari,E80020,Charles,Leclerc,https://media.formula1.com/d_driver_fallback_image.png/content/dam/fom-website/drivers/C/CHALEC01_Charles_Leclerc/chalec01.png.transform/1col/image.png,MON
2.0,81,53.0,18.0,False,False,False,4483.391,2.664,1244,9590,1244,9590,O PIASTRI,Oscar PIASTRI,PIA,McLaren,FF8000,Oscar,Piastri,https://media.formula1.com/d_driver_fallback_image.png/content/dam/fom-website/drivers/O/OSCPIA01_Oscar_Piastri/oscpia01.png.transform/1col/image.png,AUS
3.0,4,53.0,16.0,False,False,False,4486.88,6.153,1244,9590,1244,9590,L NORRIS,Lando NORRIS,NOR,McLaren,FF8000,Lando,Norris,https://media.formula1.com/d_driver_fallback_image.png/content/dam/fom-website/drivers/L/LANNOR01_Lando_Norris/lannor01.png.transform/1col/image.png,GBR
4.0,55,53.0,12.0,False,False,False,4496.348,15.621,1244,9590,1244,9590,C SAINZ,Carlos SAINZ,SAI,Ferrari,E80020,Carlos,Sainz,https://media.formula1.com/d_driver_fallback_image.png/content/dam/fom-website/drivers/C/CARSAI01_Carlos_Sainz/carsai01.png.transform/1col/image.png,ESP
5.0,44,53.0,10.0,False,False,False,4503.547,22.82,1244,9590,1244,9590,L HAMILTON,Lewis HAMILTON,HAM,Mercedes,27F4D2,Lewis,Hamilton,https://media.formula1.com/d_driver_fallback_image.png/content/dam/fom-website/drivers/L/LEWHAM01_Lewis_Hamilton/lewham01.png.transform/1col/image.png,GBR
6.0,1,53.0,8.0,False,False,False,4518.659,37.932,1244,9590,1244,9590,M VERSTAPPEN,Max VERSTAPPEN,VER,Red Bull Racing,3671C6,Max,Verstappen,https://media.formula1.com/d_driver_fallback_image.png/content/dam/fom-website/drivers/M/MAXVER01_Max_Verstappen/maxver01.png.transform/1col/image.png,NED
7.0,63,53.0,6.0,False,False,False,4520.442,39.715,1244,9590,1244,9590,G RUSSELL,George RUSSELL,RUS,Mercedes,27F4D2,George,Russell,https://media.formula1.com/d_driver_fallback_image.png/content/dam/fom-website/drivers/G/GEORUS01_George_Russell/georus01.png.transform/1col/image.png,GBR
8.0,11,53.0,4.0,False,False,False,4534.875,54.148,1244,9590,1244,9590,S PEREZ,Sergio PEREZ,PER,Red Bull Racing,3671C6,Sergio,Perez,https://media.formula1.com/d_driver_fallback_image.png/content/dam/fom-website/drivers/S/SERPER01_Sergio_Perez/serper01.png.transform/1col/image.png,MEX
9.0,23,53.0,2.0,False,False,False,4548.183,67.456,1244,9590,1244,9590,A ALBON,Alexander ALBON,ALB,Williams,64C4FF,Alexander,Albon,https://media.formula1.com/d_driver_fallback_image.png/content/dam/fom-website/drivers/A/ALEALB01_Alexander_Albon/alealb01.png.transform/1col/image.png,THA
10.0,20,53.0,1.0,False,False,False,4549.029,68.302,1244,9590,1244,9590,K MAGNUSSEN,Kevin MAGNUSSEN,MAG,Haas F1 Team,B6BABD,Kevin,Magnussen,https://media.formula1.com/d_driver_fallback_image.png/content/dam/fom-website/drivers/K/KEVMAG01_Kevin_Magnussen/kevmag01.png.transform/1col/image.png,DEN
11.0,14,53.0,0.0,False,False,False,4549.222,68.495,1244,9590,1244,9590,F ALONSO,Fernando ALONSO,ALO,Aston Martin,229971,Fernando,Alonso,https://media.formula1.com/d_driver_fallback_image.png/content/dam/fom-website/drivers/F/FERALO01_Fernando_Alonso/feralo01.png.transform/1col/image.png,ESP
12.0,43,53.0,0.0,False,False,False,4562.035,81.308,1244,9590,1244,9590,F COLAPINTO,Franco COLAPINTO,COL,Williams,64C4FF,Franco,Colapinto,,ARG
13.0,3,53.0,0.0,False,False,False,4574.179,93.452,1244,9590,1244,9590,D RICCIARDO,Daniel RICCIARDO,RIC,RB,6692FF,Daniel,Ricciardo,https://media.formula1.com/d_driver_fallback_image.png/content/dam/fom-website/drivers/D/DANRIC01_Daniel_Ricciardo/danric01.png.transform/1col/image.png,AUS
14.0,31,52.0,0.0,False,False,False,,+1 LAP,1244,9590,1244,9590,E OCON,Esteban OCON,OCO,Alpine,0093cc,Esteban,Ocon,https://media.formula1.com/d_driver_fallback_image.png/content/dam/fom-website/drivers/E/ESTOCO01_Esteban_Ocon/estoco01.png.transform/1col/image.png,FRA
15.0,10,52.0,0.0,False,False,False,,+1 LAP,1244,9590,1244,9590,P GASLY,Pierre GASLY,GAS,Alpine,0093cc,Pierre,Gasly,https://media.formula1.com/d_driver_fallback_image.png/content/dam/fom-website/drivers/P/PIEGAS01_Pierre_Gasly/piegas01.png.transform/1col/image.png,FRA
16.0,77,52.0,0.0,False,False,False,,+1 LAP,1244,9590,1244,9590,V BOTTAS,Valtteri BOTTAS,BOT,Kick Sauber,52e252,Valtteri,Bottas,https://media.formula1.com/d_driver_fallback_image.png/content/dam/fom-website/drivers/V/VALBOT01_Valtteri_Bottas/valbot01.png.transform/1col/image.png,FIN
17.0,27,52.0,0.0,False,False,False,,+1 LAP,1244,9590,1244,9590,N HULKENBERG,Nico HULKENBERG,HUL,Haas F1 Team,B6BABD,Nico,Hulkenberg,https://media.formula1.com/d_driver_fallback_image.png/content/dam/fom-website/drivers/N/NICHUL01_Nico_Hulkenberg/nichul01.png.transform/1col/image.png,GER
18.0,24,52.0,0.0,False,False,False,,+1 LAP,1244,9590,1244,9590,G ZHOU,ZHOU Guanyu,ZHO,Kick Sauber,52e252,Guanyu,Zhou,https://media.formula1.com/d_driver_fallback_image.png/content/dam/fom-website/drivers/G/GUAZHO01_Guanyu_Zhou/guazho01.png.transform/1col/image.png,CHN
19.0,18,52.0,0.0,False,False,False,,+1 LAP,1244,9590,1244,9590,L STROLL,Lance STROLL,STR,Aston Martin,229971,Lance,Stroll,https://media.formula1.com/d_driver_fallback_image.png/content/dam/fom-website/drivers/L/LANSTR01_Lance_Stroll/lanstr01.png.transform/1col/image.png,CAN
,22,7.0,0.0,True,False,False,,,1244,9590,1244,9590,Y TSUNODA,Yuki TSUNODA,TSU,RB,6692FF,Yuki,Tsunoda,https://media.formula1.com/d_driver_fallback_image.png/content/dam/fom-website/drivers/Y/YUKTSU01_Yuki_Tsunoda/yuktsu01.png.transform/1col/image.png,JPN
1.0,81,51.0,25.0,False,False,False,5578.007,0,1245,9598,1245,9598,O PIASTRI,Oscar PIASTRI,PIA,McLaren,FF8000,Oscar,Piastri,https://media.formula1.com/d_driver_fallback_image.png/content/dam/fom-website/drivers/O/OSCPIA01_Oscar_Piastri/oscpia01.png.transform/1col/image.png,AUS
2.0,16,51.0,18.0,False,False,False,5588.917,10.91,1245,9598,1245,9598,C LECLERC,Charles LECLERC,LEC,Ferrari,E80020,Charles,Leclerc,https://media.formula1.com/d_driver_fallback_image.png/content/dam/fom-website/drivers/C/CHALEC01_Charles_Leclerc/chalec01.png.transform/1col/image.png,MON
3.0,63,51.0,15.0,False,False,False,5609.335,31.328,1245,9598,1245,9598,G RUSSELL,George RUSSELL,RUS,Mercedes,27F4D2,George,Russell,https://media.formula1.com/d_driver_fallback_image.png/content/dam/fom-website/drivers/G/GEORUS01_George_Russell/georus01.png.transform/1col/image.png,GBR
4.0,4,51.0,13.0,False,False,False,5614.15,36.143,1245,9598,1245,9598,L NORRIS,Lando NORRIS,NOR,McLaren,FF8000,Lando,Norris,https://media.formula1.com/d_driver_fallback_image.png/content/dam/fom-website/drivers/L/LANNOR01_Lando_Norris/lannor01.png.transform/1col/image.png,GBR
5.0,1,51.0,10.0,False,False,False,5655.105,77.098,1245,9598,1245,9598,M VERSTAPPEN,Max VERSTAPPEN,VER,Red Bull Racing,3671C6,Max,Verstappen,https://media.formula1.com/d_driver_fallback_image.png/content/dam/fom-website/drivers/M/MAXVER01_Max_Verstappen/maxver01.png.transform/1col/image.png,NED
6.0,14,51.0,8.0,False,False,False,5663.475,85.468,1245,9598,1245,9598,F ALONSO,Fernando ALONSO,ALO,Aston Martin,229971,Fernando,Alonso,https://media.formula1.com/d_driver_fallback_image.png/content/dam/fom-website/drivers/F/FERALO01_Fernando_Alonso/feralo01.png.transform/1col/image.png,ESP
7.0,23,51.0,6.0,False,False,False,5665.403,87.396,1245,9598,1245,9598,A ALBON,Alexander ALBON,ALB,Williams,64C4FF,Alexander,Albon,https://media.formula1.com/d_driver_fallback_image.png/content/dam/fom-website/drivers/A/ALEALB01_Alexander_Albon/alealb01.png.transform/1col/image.png,THA
8.0,43,51.0,4.0,False,False,False,5667.548,89.541,1245,9598,1245,9598,F COLAPINTO,Franco COLAPINTO,COL,Williams,64C4FF,Franco,Colapinto,,ARG
9.0,44,51.0,2.0,False,False,False,5670.408,92.401,1245,9598,1245,9598,L HAMILTON,Lewis HAMILTON,HAM,Mercedes,27F4D2,Lewis,Hamilton,https://media.formula1.com/d_driver_fallback_image.png/content/dam/fom-website/drivers/L/LEWHAM01_Lewis_Hamilton/lewham01.png.transform/1col/image.png,GBR
10.0,50,51.0,1.0,False,False,False,5671.134,93.127,1245,9598,1245,9598,O BEARMAN,Oliver BEARMAN,BEA,Haas F1 Team,B6BABD,Oliver,Bearman,,GBR
11.0,27,51.0,0.0,False,False,False,5671.472,93.465,1245,9598,1245,9598,N HULKENBERG,Nico HULKENBERG,HUL,Haas F1 Team,B6BABD,Nico,Hulkenberg,https://media.formula1.com/d_driver_fallback_image.png/content/dam/fom-website/drivers/N/NICHUL01_Nico_Hulkenberg/nichul01.png.transform/1col/image.png,GER
12.0,10,51.0,0.0,False,False,False,5695.196,117.189,1245,9598,1245,9598,P GASLY,Pierre GASLY,GAS,Alpine,0093cc,Pierre,Gasly,https://media.formula1.com/d_driver_fallback_image.png/content/dam/fom-website/drivers/P/PIEGAS01_Pierre_Gasly/piegas01.png.transform/1col/image.png,FRA
13.0,3,51.0,0.0,False,False,False,5724.914,146.907,1245,9598,1245,9598,D RICCIARDO,Daniel RICCIARDO,RIC,RB,6692FF,Daniel,Ricciardo,https://media.formula1.com/d_driver_fallback_image.png/content/dam/fom-website/drivers/D/DANRIC01_Daniel_Ricciardo/danric01.png.transform/1col/image.png,AUS
14.0,24,51.0,0.0,False,False,False,5726.848,148.841,1245,9598,1245,9598,G ZHOU,ZHOU Guanyu,ZHO,Kick Sauber,52e252,Guanyu,Zhou,https://media.formula1.com/d_driver_fallback_image.png/content/dam/fom-website/drivers/G/GUAZHO01_Guanyu_Zhou/guazho01.png.transform/1col/image.png,CHN
15.0,31,50.0,0.0,False,False,False,,+1 LAP,1245,9598,1245,9598,E OCON,Esteban OCON,OCO,Alpine,0093cc,Esteban,Ocon,https://media.formula1.com/d_driver_fallback_image.png/content/dam/fom-website/drivers/E/ESTOCO01_Esteban_Ocon/estoco01.png.transform/1col/image.png,FRA
16.0,77,50.0,0.0,False,False,False,,+1 LAP,1245,9598,1245,9598,V BOTTAS,Valtteri BOTTAS,BOT,Kick Sauber,52e252,Valtteri,Bottas,https://media.formula1.com/d_driver_fallback_image.png/content/dam/fom-website/drivers/V/VALBOT01_Valtteri_Bottas/valbot01.png.transform/1col/image.png,FIN
17.0,11,49.0,0.0,True,False,False,,,1245,9598,1245,9598,S PEREZ,Sergio PEREZ,PER,Red Bull Racing,3671C6,Sergio,Perez,https://media.formula1.com/d_driver_fallback_image.png/content/dam/fom-website/drivers/S/SERPER01_Sergio_Perez/serper01.png.transform/1col/image.png,MEX
18.0,55,49.0,0.0,True,False,False,,,1245,9598,1245,9598,C SAINZ,Carlos SAINZ,SAI,Ferrari,E80020,Carlos,Sainz,https://media.formula1.com/d_driver_fallback_image.png/content/dam/fom-website/drivers/C/CARSAI01_Carlos_Sainz/carsai01.png.transform/1col/image.png,ESP
19.0,18,45.0,0.0,True,False,False,,,1245,9598,1245,9598,L STROLL,Lance STROLL,STR,Aston Martin,229971,Lance,Stroll,https://media.formula1.com/d_driver_fallback_image.png/content/dam/fom-website/drivers/L/LANSTR01_Lance_Stroll/lanstr01.png.transform/1col/image.png,CAN
,22,14.0,0.0,True,False,False,,,1245,9598,1245,9598,Y TSUNODA,Yuki TSUNODA,TSU,RB,6692FF,Yuki,Tsunoda,https://media.formula1.com/d_driver_fallback_image.png/content/dam/fom-website/drivers/Y/YUKTSU01_Yuki_Tsunoda/yuktsu01.png.transform/1col/image.png,JPN
1.0,4,62.0,25.0,False,False,False,6052.571,0,1246,9606,1246,9606,L NORRIS,Lando NORRIS,NOR,McLaren,FF8000,Lando,Norris,https://media.formula1.com/d_driver_fallback_image.png/content/dam/fom-website/drivers/L/LANNOR01_Lando_Norris/lannor01.png.transform/1col/image.png,GBR
2.0,1,62.0,18.0,False,False,False,6073.516,20.945,1246,9606,1246,9606,M VERSTAPPEN,Max VERSTAPPEN,VER,Red Bull Racing,3671C6,Max,Verstappen,https://media.formula1.com/d_driver_fallback_image.png/content/dam/fom-website/drivers/M/MAXVER01_Max_Verstappen/maxver01.png.transform/1col/image.png,NED
3.0,81,62.0,15.0,False,False,False,6094.394,41.823,1246,9606,1246,9606,O PIASTRI,Oscar PIASTRI,PIA,McLaren,FF8000,Oscar,Piastri,https://media.formula1.com/d_driver_fallback_image.png/content/dam/fom-website/drivers/O/OSCPIA01_Oscar_Piastri/oscpia01.png.transform/1col/image.png,AUS
4.0,63,62.0,12.0,False,False,False,6113.611,61.04,1246,9606,1246,9606,G RUSSELL,George RUSSELL,RUS,Mercedes,27F4D2,George,Russell,https://media.formula1.com/d_driver_fallback_image.png/content/dam/fom-website/drivers/G/GEORUS01_George_Russell/georus01.png.transform/1col/image.png,GBR
5.0,16,62.0,10.0,False,False,False,6115.001,62.43,1246,9606,1246,9606,C LECLERC,Charles LECLERC,LEC,Ferrari,E80020,Charles,Leclerc,https://media.formula1.com/d_driver_fallback_image.png/content/dam/fom-website/drivers/C/CHALEC01_Charles_Leclerc/chalec01.png.transform/1col/image.png,MON
6.0,44,62.0,8.0,False,False,False,6137.819,85.248,1246,9606,1246,9606,L HAMILTON,Lewis HAMILTON,HAM,Mercedes,27F4D2,Lewis,Hamilton,https://media.formula1.com/d_driver_fallback_image.png/content/dam/fom-website/drivers/L/LEWHAM01_Lewis_Hamilton/lewham01.png.transform/1col/image.png,GBR
7.0,55,62.0,6.0,False,False,False,6148.61,96.039,1246,9606,1246,9606,C SAINZ,Carlos SAINZ,SAI,Ferrari,E80020,Carlos,Sainz,https://media.formula1.com/d_driver_fallback_image.png/content/dam/fom-website/drivers/C/CARSAI01_Carlos_Sainz/carsai01.png.transform/1col/image.png,ESP
8.0,14,61.0,4.0,False,False,False,,+1 LAP,1246,9606,1246,9606,F ALONSO,Fernando ALONSO,ALO,Aston Martin,229971,Fernando,Alonso,https://media.formula1.com/d_driver_fallback_image.png/content/dam/fom-website/drivers/F/FERALO01_Fernando_Alonso/feralo01.png.transform/1col/image.png,ESP
9.0,27,61.0,2.0,False,False,False,,+1 LAP,1246,9606,1246,9606,N HULKENBERG,Nico HULKENBERG,HUL,Haas F1 Team,B6BABD,Nico,Hulkenberg,https://media.formula1.com/d_driver_fallback_image.png/content/dam/fom-website/drivers/N/NICHUL01_Nico_Hulkenberg/nichul01.png.transform/1col/image.png,GER
10.0,11,61.0,1.0,False,False,False,,+1 LAP,1246,9606,1246,9606,S PEREZ,Sergio PEREZ,PER,Red Bull Racing,3671C6,Sergio,Perez,https://media.formula1.com/d_driver_fallback_image.png/content/dam/fom-website/drivers/S/SERPER01_Sergio_Perez/serper01.png.transform/1col/image.png,MEX
11.0,43,61.0,0.0,False,False,False,,+1 LAP,1246,9606,1246,9606,F COLAPINTO,Franco COLAPINTO,COL,Williams,64C4FF,Franco,Colapinto,,ARG
12.0,22,61.0,0.0,False,False,False,,+1 LAP,1246,9606,1246,9606,Y TSUNODA,Yuki TSUNODA,TSU,RB,6692FF,Yuki,Tsunoda,https://media.formula1.com/d_driver_fallback_image.png/content/dam/fom-website/drivers/Y/YUKTSU01_Yuki_Tsunoda/yuktsu01.png.transform/1col/image.png,JPN
13.0,31,61.0,0.0,False,False,False,,+1 LAP,1246,9606,1246,9606,E OCON,Esteban OCON,OCO,Alpine,0093cc,Esteban,Ocon,https://media.formula1.com/d_driver_fallback_image.png/content/dam/fom-website/drivers/E/ESTOCO01_Esteban_Ocon/estoco01.png.transform/1col/image.png,FRA
14.0,18,61.0,0.0,False,False,False,,+1 LAP,1246,9606,1246,9606,L STROLL,Lance STROLL,STR,Aston Martin,229971,Lance,Stroll,https://media.formula1.com/d_driver_fallback_image.png/content/dam/fom-website/drivers/L/LANSTR01_Lance_Stroll/lanstr01.png.transform/1col/image.png,CAN
15.0,24,61.0,0.0,False,False,False,,+1 LAP,1246,9606,1246,9606,G ZHOU,ZHOU Guanyu,ZHO,Kick Sauber,52e252,Guanyu,Zhou,https://media.formula1.com/d_driver_fallback_image.png/content/dam/fom-website/drivers/G/GUAZHO01_Guanyu_Zhou/guazho01.png.transform/1col/image.png,CHN
16.0,77,61.0,0.0,False,False,False,,+1 LAP,1246,9606,1246,9606,V BOTTAS,Valtteri BOTTAS,BOT,Kick Sauber,52e252,Valtteri,Bottas,https://media.formula1.com/d_driver_fallback_image.png/content/dam/fom-website/drivers/V/VALBOT01_Valtteri_Bottas/valbot01.png.transform/1col/image.png,FIN
17.0,10,61.0,0.0,False,False,False,,+1 LAP,1246,9606,1246,9606,P GASLY,Pierre GASLY,GAS,Alpine,0093cc,Pierre,Gasly,https://media.formula1.com/d_driver_fallback_image.png/content/dam/fom-website/drivers/P/PIEGAS01_Pierre_Gasly/piegas01.png.transform/1col/image.png,FRA
18.0,3,61.0,0.0,False,False,False,,+1 LAP,1246,9606,1246,9606,D RICCIARDO,Daniel RICCIARDO,RIC,RB,6692FF,Daniel,Ricciardo,https://media.formula1.com/d_driver_fallback_image.png/content/dam/fom-website/drivers/D/DANRIC01_Daniel_Ricciardo/danric01.png.transform/1col/image.png,AUS
19.0,20,57.0,0.0,True,False,False,,,1246,9606,1246,9606,K MAGNUSSEN,Kevin MAGNUSSEN,MAG,Haas F1 Team,B6BABD,Kevin,Magnussen,https://media.formula1.com/d_driver_fallback_image.png/content/dam/fom-website/drivers/K/KEVMAG01_Kevin_Magnussen/kevmag01.png.transform/1col/image.png,DEN
,23,15.0,0.0,True,False,False,,,1246,9606,1246,9606,A ALBON,Alexander ALBON,ALB,Williams,64C4FF,Alexander,Albon,https://media.formula1.com/d_driver_fallback_image.png/content/dam/fom-website/drivers/A/ALEALB01_Alexander_Albon/alealb01.png.transform/1col/image.png,THA
1.0,16,56.0,25.0,False,False,False,5709.639,0,1247,9617,1247,9617,C LECLERC,Charles LECLERC,LEC,Ferrari,E80020,Charles,Leclerc,https://media.formula1.com/d_driver_fallback_image.png/content/dam/fom-website/drivers/C/CHALEC01_Charles_Leclerc/chalec01.png.transform/1col/image.png,MON
2.0,55,56.0,18.0,False,False,False,5718.201,8.562,1247,9617,1247,9617,C SAINZ,Carlos SAINZ,SAI,Ferrari,E80020,Carlos,Sainz,https://media.formula1.com/d_driver_fallback_image.png/content/dam/fom-website/drivers/C/CARSAI01_Carlos_Sainz/carsai01.png.transform/1col/image.png,ESP
3.0,1,56.0,15.0,False,False,False,5729.051,19.412,1247,9617,1247,9617,M VERSTAPPEN,Max VERSTAPPEN,VER,Red Bull Racing,3671C6,Max,Verstappen,https://media.formula1.com/d_driver_fallback_image.png/content/dam/fom-website/drivers/M/MAXVER01_Max_Verstappen/maxver01.png.transform/1col/image.png,NED
4.0,4,56.0,12.0,False,False,False,5729.993,20.354,1247,9617,1247,9617,L NORRIS,Lando NORRIS,NOR,McLaren,FF8000,Lando,Norris,https://media.formula1.com/d_driver_fallback_image.png/content/dam/fom-website/drivers/L/LANNOR01_Lando_Norris/lannor01.png.transform/1col/image.png,GBR
5.0,81,56.0,10.0,False,False,False,5731.56,21.921,1247,9617,1247,9617,O PIASTRI,Oscar PIASTRI,PIA,McLaren,FF8000,Oscar,Piastri,https://media.formula1.com/d_driver_fallback_image.png/content/dam/fom-website/drivers/O/OSCPIA01_Oscar_Piastri/oscpia01.png.transform/1col/image.png,AUS
6.0,63,56.0,8.0,False,False,False,5765.934,56.295,1247,9617,1247,9617,G RUSSELL,George RUSSELL,RUS,Mercedes,27F4D2,George,Russell,https://media.formula1.com/d_driver_fallback_image.png/content/dam/fom-website/drivers/G/GEORUS01_George_Russell/georus01.png.transform/1col/image.png,GBR
7.0,11,56.0,6.0,False,False,False,5768.711,59.072,1247,9617,1247,9617,S PEREZ,Sergio PEREZ,PER,Red Bull Racing,3671C6,Sergio,Perez,https://media.formula1.com/d_driver_fallback_image.png/content/dam/fom-website/drivers/S/SERPER01_Sergio_Perez/serper01.png.transform/1col/image.png,MEX
8.0,27,56.0,4.0,False,False,False,5772.596,62.957,1247,9617,1247,9617,N HULKENBERG,Nico HULKENBERG,HUL,Haas F1 Team,B6BABD,Nico,Hulkenberg,https://media.formula1.com/d_driver_fallback_image.png/content/dam/fom-website/drivers/N/NICHUL01_Nico_Hulkenberg/nichul01.png.transform/1col/image.png,GER
9.0,30,56.0,2.0,False,False,False,5780.202,70.563,1247,9617,1247,9617,L LAWSON,Liam LAWSON,LAW,RB,6692FF,Liam,Lawson,,NZL
10.0,43,56.0,1.0,False,False,False,5781.618,71.979,1247,9617,1247,9617,F COLAPINTO,Franco COLAPINTO,COL,Williams,64C4FF,Franco,Colapinto,,ARG
11.0,20,56.0,0.0,False,False,False,5789.421,79.782,1247,9617,1247,9617,K MAGNUSSEN,Kevin MAGNUSSEN,MAG,Haas F1 Team,B6BABD,Kevin,Magnussen,https://media.formula1.com/d_driver_fallback_image.png/content/dam/fom-website/drivers/K/KEVMAG01_Kevin_Magnussen/kevmag01.png.transform/1col/image.png,DEN
12.0,10,56.0,0.0,False,False,False,5800.197,90.558,1247,9617,1247,9617,P GASLY,Pierre GASLY,GAS,Alpine,0093cc,Pierre,Gasly,https://media.formula1.com/d_driver_fallback_image.png/content/dam/fom-website/drivers/P/PIEGAS01_Pierre_Gasly/piegas01.png.transform/1col/image.png,FRA
13.0,14,55.0,0.0,False,False,False,,+1 LAP,1247,9617,1247,9617,F ALONSO,Fernando ALONSO,ALO,Aston Martin,229971,Fernando,Alonso,https://media.formula1.com/d_driver_fallback_image.png/content/dam/fom-website/drivers/F/FERALO01_Fernando_Alonso/feralo01.png.transform/1col/image.png,ESP
14.0,22,55.0,0.0,False,False,False,,+1 LAP,1247,9617,1247,9617,Y TSUNODA,Yuki TSUNODA,TSU,RB,6692FF,Yuki,Tsunoda,https://media.formula1.com/d_driver_fallback_image.png/content/dam/fom-website/drivers/Y/YUKTSU01_Yuki_Tsunoda/yuktsu01.png.transform/1col/image.png,JPN
15.0,18,55.0,0.0,False,False,False,,+1 LAP,1247,9617,1247,9617,L STROLL,Lance STROLL,STR,Aston Martin,229971,Lance,Stroll,https://media.formula1.com/d_driver_fallback_image.png/content/dam/fom-website/drivers/L/LANSTR01_Lance_Stroll/lanstr01.png.transform/1col/image.png,CAN
16.0,23,55.0,0.0,False,False,False,,+1 LAP,1247,9617,1247,9617,A ALBON,Alexander ALBON,ALB,Williams,64C4FF,Alexander,Albon,https://media.formula1.com/d_driver_fallback_image.png/content/dam/fom-website/drivers/A/ALEALB01_Alexander_Albon/alealb01.png.transform/1col/image.png,THA
17.0,77,55.0,0.0,False,False,False,,+1 LAP,1247,9617,1247,9617,V BOTTAS,Valtteri BOTTAS,BOT,Kick Sauber,52e252,Valtteri,Bottas,https://media.formula1.com/d_driver_fallback_image.png/content/dam/fom-website/drivers/V/VALBOT01_Valtteri_Bottas/valbot01.png.transform/1col/image.png,FIN
18.0,31,55.0,0.0,False,False,False,,+1 LAP,1247,9617,1247,9617,E OCON,Esteban OCON,OCO,Alpine,0093cc,Esteban,Ocon,https://media.formula1.com/d_driver_fallback_image.png/content/dam/fom-website/drivers/E/ESTOCO01_Esteban_Ocon/estoco01.png.transform/1col/image.png,FRA
19.0,24,55.0,0.0,False,False,False,,+1 LAP,1247,9617,1247,9617,G ZHOU,ZHOU Guanyu,ZHO,Kick Sauber,52e252,Guanyu,Zhou,https://media.formula1.com/d_driver_fallback_image.png/content/dam/fom-website/drivers/G/GUAZHO01_Guanyu_Zhou/guazho01.png.transform/1col/image.png,CHN
,44,1.0,0.0,True,False,False,,,1247,9617,1247,9617,L HAMILTON,Lewis HAMILTON,HAM,Mercedes,27F4D2,Lewis,Hamilton,https://media.formula1.com/d_driver_fallback_image.png/content/dam/fom-website/drivers/L/LEWHAM01_Lewis_Hamilton/lewham01.png.transform/1col/image.png,GBR
1.0,55,71.0,25.0,False,False,False,6055.8,0,1248,9625,1248,9625,C SAINZ,Carlos SAINZ,SAI,Ferrari,E80020,Carlos,Sainz,https://media.formula1.com/d_driver_fallback_image.png/content/dam/fom-website/drivers/C/CARSAI01_Carlos_Sainz/carsai01.png.transform/1col/image.png,ESP
2.0,4,71.0,18.0,False,False,False,6060.505,4.705,1248,9625,1248,9625,L NORRIS,Lando NORRIS,NOR,McLaren,FF8000,Lando,Norris,https://media.formula1.com/d_driver_fallback_image.png/content/dam/fom-website/drivers/L/LANNOR01_Lando_Norris/lannor01.png.transform/1col/image.png,GBR
3.0,16,71.0,16.0,False,False,False,6090.187,34.387,1248,9625,1248,9625,C LECLERC,Charles LECLERC,LEC,Ferrari,E80020,Charles,Leclerc,https://media.formula1.com/d_driver_fallback_image.png/content/dam/fom-website/drivers/C/CHALEC01_Charles_Leclerc/chalec01.png.transform/1col/image.png,MON
4.0,44,71.0,12.0,False,False,False,6100.58,44.78,1248,9625,1248,9625,L HAMILTON,Lewis HAMILTON,HAM,Mercedes,27F4D2,Lewis,Hamilton,https://media.formula1.com/d_driver_fallback_image.png/content/dam/fom-website/drivers/L/LEWHAM01_Lewis_Hamilton/lewham01.png.transform/1col/image.png,GBR
5.0,63,71.0,10.0,False,False,False,6104.336,48.536,1248,9625,1248,9625,G RUSSELL,George RUSSELL,RUS,Mercedes,27F4D2,George,Russell,https://media.formula1.com/d_driver_fallback_image.png/content/dam/fom-website/drivers/G/GEORUS01_George_Russell/georus01.png.transform/1col/image.png,GBR
6.0,1,71.0,8.0,False,False,False,6115.358,59.558,1248,9625,1248,9625,M VERSTAPPEN,Max VERSTAPPEN,VER,Red Bull Racing,3671C6,Max,Verstappen,https://media.formula1.com/d_driver_fallback_image.png/content/dam/fom-website/drivers/M/MAXVER01_Max_Verstappen/maxver01.png.transform/1col/image.png,NED
7.0,20,71.0,6.0,False,False,False,6119.442,63.642,1248,9625,1248,9625,K MAGNUSSEN,Kevin MAGNUSSEN,MAG,Haas F1 Team,B6BABD,Kevin,Magnussen,https://media.formula1.com/d_driver_fallback_image.png/content/dam/fom-website/drivers/K/KEVMAG01_Kevin_Magnussen/kevmag01.png.transform/1col/image.png,DEN
8.0,81,71.0,4.0,False,False,False,6120.728,64.928,1248,9625,1248,9625,O PIASTRI,Oscar PIASTRI,PIA,McLaren,FF8000,Oscar,Piastri,https://media.formula1.com/d_driver_fallback_image.png/content/dam/fom-website/drivers/O/OSCPIA01_Oscar_Piastri/oscpia01.png.transform/1col/image.png,AUS
9.0,27,70.0,2.0,False,False,False,,+1 LAP,1248,9625,1248,9625,N HULKENBERG,Nico HULKENBERG,HUL,Haas F1 Team,B6BABD,Nico,Hulkenberg,https://media.formula1.com/d_driver_fallback_image.png/content/dam/fom-website/drivers/N/NICHUL01_Nico_Hulkenberg/nichul01.png.transform/1col/image.png,GER
10.0,10,70.0,1.0,False,False,False,,+1 LAP,1248,9625,1248,9625,P GASLY,Pierre GASLY,GAS,Alpine,0093cc,Pierre,Gasly,https://media.formula1.com/d_driver_fallback_image.png/content/dam/fom-website/drivers/P/PIEGAS01_Pierre_Gasly/piegas01.png.transform/1col/image.png,FRA
11.0,18,70.0,0.0,False,False,False,,+1 LAP,1248,9625,1248,9625,L STROLL,Lance STROLL,STR,Aston Martin,229971,Lance,Stroll,https://media.formula1.com/d_driver_fallback_image.png/content/dam/fom-website/drivers/L/LANSTR01_Lance_Stroll/lanstr01.png.transform/1col/image.png,CAN
12.0,43,70.0,0.0,False,False,False,,+1 LAP,1248,9625,1248,9625,F COLAPINTO,Franco COLAPINTO,COL,Williams,64C4FF,Franco,Colapinto,,ARG
13.0,31,70.0,0.0,False,False,False,,+1 LAP,1248,9625,1248,9625,E OCON,Esteban OCON,OCO,Alpine,0093cc,Esteban,Ocon,https://media.formula1.com/d_driver_fallback_image.png/content/dam/fom-website/drivers/E/ESTOCO01_Esteban_Ocon/estoco01.png.transform/1col/image.png,FRA
14.0,77,70.0,0.0,False,False,False,,+1 LAP,1248,9625,1248,9625,V BOTTAS,Valtteri BOTTAS,BOT,Kick Sauber,52e252,Valtteri,Bottas,https://media.formula1.com/d_driver_fallback_image.png/content/dam/fom-website/drivers/V/VALBOT01_Valtteri_Bottas/valbot01.png.transform/1col/image.png,FIN
15.0,24,70.0,0.0,False,False,False,,+1 LAP,1248,9625,1248,9625,G ZHOU,ZHOU Guanyu,ZHO,Kick Sauber,52e252,Guanyu,Zhou,https://media.formula1.com/d_driver_fallback_image.png/content/dam/fom-website/drivers/G/GUAZHO01_Guanyu_Zhou/guazho01.png.transform/1col/image.png,CHN
16.0,30,70.0,0.0,False,False,False,,+1 LAP,1248,9625,1248,9625,L LAWSON,Liam LAWSON,LAW,RB,6692FF,Liam,Lawson,,NZL
17.0,11,70.0,0.0,False,False,False,,+1 LAP,1248,9625,1248,9625,S PEREZ,Sergio PEREZ,PER,Red Bull Racing,3671C6,Sergio,Perez,https://media.formula1.com/d_driver_fallback_image.png/content/dam/fom-website/drivers/S/SERPER01_Sergio_Perez/serper01.png.transform/1col/image.png,MEX
,14,15.0,0.0,True,False,False,,,1248,9625,1248,9625,F ALONSO,Fernando ALONSO,ALO,Aston Martin,229971,Fernando,Alonso,https://media.formula1.com/d_driver_fallback_image.png/content/dam/fom-website/drivers/F/FERALO01_Fernando_Alonso/feralo01.png.transform/1col/image.png,ESP
,23,0.0,0.0,True,False,False,,,1248,9625,1248,9625,A ALBON,Alexander ALBON,ALB,Williams,64C4FF,Alexander,Albon,https://media.formula1.com/d_driver_fallback_image.png/content/dam/fom-website/drivers/A/ALEALB01_Alexander_Albon/alealb01.png.transform/1col/image.png,THA
,22,0.0,0.0,True,False,False,,,1248,9625,1248,9625,Y TSUNODA,Yuki TSUNODA,TSU,RB,6692FF,Yuki,Tsunoda,https://media.formula1.com/d_driver_fallback_image.png/content/dam/fom-website/drivers/Y/YUKTSU01_Yuki_Tsunoda/yuktsu01.png.transform/1col/image.png,JPN
1.0,1,69.0,26.0,False,False,False,7614.43,0.0,1249,9636,1249,9636,M VERSTAPPEN,Max VERSTAPPEN,VER,Red Bull Racing,3671C6,Max,Verstappen,https://media.formula1.com/d_driver_fallback_image.png/content/dam/fom-website/drivers/M/MAXVER01_Max_Verstappen/maxver01.png.transform/1col/image.png,NED
2.0,31,69.0,18.0,False,False,False,7633.907,19.477,1249,9636,1249,9636,E OCON,Esteban OCON,OCO,Alpine,0093cc,Esteban,Ocon,https://media.formula1.com/d_driver_fallback_image.png/content/dam/fom-website/drivers/E/ESTOCO01_Esteban_Ocon/estoco01.png.transform/1col/image.png,FRA
3.0,10,69.0,15.0,False,False,False,7636.962,22.532,1249,9636,1249,9636,P GASLY,Pierre GASLY,GAS,Alpine,0093cc,Pierre,Gasly,https://media.formula1.com/d_driver_fallback_image.png/content/dam/fom-website/drivers/P/PIEGAS01_Pierre_Gasly/piegas01.png.transform/1col/image.png,FRA
4.0,63,69.0,12.0,False,False,False,7637.695,23.265,1249,9636,1249,9636,G RUSSELL,George RUSSELL,RUS,Mercedes,27F4D2,George,Russell,https://media.formula1.com/d_driver_fallback_image.png/content/dam/fom-website/drivers/G/GEORUS01_George_Russell/georus01.png.transform/1col/image.png,GBR
5.0,16,69.0,10.0,False,False,False,7644.607,30.177,1249,9636,1249,9636,C LECLERC,Charles LECLERC,LEC,Ferrari,E80020,Charles,Leclerc,https://media.formula1.com/d_driver_fallback_image.png/content/dam/fom-website/drivers/C/CHALEC01_Charles_Leclerc/chalec01.png.transform/1col/image.png,MON
6.0,4,69.0,8.0,False,False,False,7645.802,31.372,1249,9636,1249,9636,L NORRIS,Lando NORRIS,NOR,McLaren,FF8000,Lando,Norris,https://media.formula1.com/d_driver_fallback_image.png/content/dam/fom-website/drivers/L/LANNOR01_Lando_Norris/lannor01.png.transform/1col/image.png,GBR
7.0,22,69.0,6.0,False,False,False,7656.486,42.056,1249,9636,1249,9636,Y TSUNODA,Yuki TSUNODA,TSU,RB,6692FF,Yuki,Tsunoda,https://media.formula1.com/d_driver_fallback_image.png/content/dam/fom-website/drivers/Y/YUKTSU01_Yuki_Tsunoda/yuktsu01.png.transform/1col/image.png,JPN
8.0,81,69.0,4.0,False,False,False,7659.373,44.943,1249,9636,1249,9636,O PIASTRI,Oscar PIASTRI,PIA,McLaren,FF8000,Oscar,Piastri,https://media.formula1.com/d_driver_fallback_image.png/content/dam/fom-website/drivers/O/OSCPIA01_Oscar_Piastri/oscpia01.png.transform/1col/image.png,AUS
9.0,30,69.0,2.0,False,False,False,7664.882,50.452,1249,9636,1249,9636,L LAWSON,Liam LAWSON,LAW,RB,6692FF,Liam,Lawson,,NZL
10.0,44,69.0,1.0,False,False,False,7665.183,50.753,1249,9636,1249,9636,L HAMILTON,Lewis HAMILTON,HAM,Mercedes,27F4D2,Lewis,Hamilton,https://media.formula1.com/d_driver_fallback_image.png/content/dam/fom-website/drivers/L/LEWHAM01_Lewis_Hamilton/lewham01.png.transform/1col/image.png,GBR
11.0,11,69.0,0.0,False,False,False,7665.961,51.531,1249,9636,1249,9636,S PEREZ,Sergio PEREZ,PER,Red Bull Racing,3671C6,Sergio,Perez,https://media.formula1.com/d_driver_fallback_image.png/content/dam/fom-website/drivers/S/SERPER01_Sergio_Perez/serper01.png.transform/1col/image.png,MEX
12.0,50,69.0,0.0,False,False,False,7671.515,57.085,1249,9636,1249,9636,O BEARMAN,Oliver BEARMAN,BEA,Haas F1 Team,B6BABD,Oliver,Bearman,,GBR
13.0,77,69.0,0.0,False,False,False,7678.018,63.588,1249,9636,1249,9636,V BOTTAS,Valtteri BOTTAS,BOT,Kick Sauber,52e252,Valtteri,Bottas,https://media.formula1.com/d_driver_fallback_image.png/content/dam/fom-website/drivers/V/VALBOT01_Valtteri_Bottas/valbot01.png.transform/1col/image.png,FIN
14.0,14,69.0,0.0,False,False,False,7692.479,78.049,1249,9636,1249,9636,F ALONSO,Fernando ALONSO,ALO,Aston Martin,229971,Fernando,Alonso,https://media.formula1.com/d_driver_fallback_image.png/content/dam/fom-website/drivers/F/FERALO01_Fernando_Alonso/feralo01.png.transform/1col/image.png,ESP
15.0,24,69.0,0.0,False,False,False,7694.079,79.649,1249,9636,1249,9636,G ZHOU,ZHOU Guanyu,ZHO,Kick Sauber,52e252,Guanyu,Zhou,https://media.formula1.com/d_driver_fallback_image.png/content/dam/fom-website/drivers/G/GUAZHO01_Guanyu_Zhou/guazho01.png.transform/1col/image.png,CHN
,55,38.0,0.0,True,False,False,,,1249,9636,1249,9636,C SAINZ,Carlos SAINZ,SAI,Ferrari,E80020,Carlos,Sainz,https://media.formula1.com/d_driver_fallback_image.png/content/dam/fom-website/drivers/C/CARSAI01_Carlos_Sainz/carsai01.png.transform/1col/image.png,ESP
,43,30.0,0.0,True,False,False,,,1249,9636,1249,9636,F COLAPINTO,Franco COLAPINTO,COL,Williams,64C4FF,Franco,Colapinto,,ARG
,23,0.0,0.0,False,True,False,,,1249,9636,1249,9636,A ALBON,Alexander ALBON,ALB,Williams,64C4FF,Alexander,Albon,https://media.formula1.com/d_driver_fallback_image.png/content/dam/fom-website/drivers/A/ALEALB01_Alexander_Albon/alealb01.png.transform/1col/image.png,THA
,18,0.0,0.0,False,True,False,,,1249,9636,1249,9636,L STROLL,Lance STROLL,STR,Aston Martin,229971,Lance,Stroll,https://media.formula1.com/d_driver_fallback_image.png/content/dam/fom-website/drivers/L/LANSTR01_Lance_Stroll/lanstr01.png.transform/1col/image.png,CAN
,27,,0.0,False,False,True,,,1249,9636,1249,9636,N HULKENBERG,Nico HULKENBERG,HUL,Haas F1 Team,B6BABD,Nico,Hulkenberg,https://media.formula1.com/d_driver_fallback_image.png/content/dam/fom-website/drivers/N/NICHUL01_Nico_Hulkenberg/nichul01.png.transform/1col/image.png,GER
1.0,63,50.0,25.0,False,False,False,4925.969,0,1250,9644,1250,9644,G RUSSELL,George RUSSELL,RUS,Mercedes,27F4D2,George,Russell,https://media.formula1.com/d_driver_fallback_image.png/content/dam/fom-website/drivers/G/GEORUS01_George_Russell/georus01.png.transform/1col/image.png,GBR
2.0,44,50.0,18.0,False,False,False,4933.282,7.313,1250,9644,1250,9644,L HAMILTON,Lewis HAMILTON,HAM,Mercedes,27F4D2,Lewis,Hamilton,https://media.formula1.com/d_driver_fallback_image.png/content/dam/fom-website/drivers/L/LEWHAM01_Lewis_Hamilton/lewham01.png.transform/1col/image.png,GBR
3.0,55,50.0,15.0,False,False,False,4937.875,11.906,1250,9644,1250,9644,C SAINZ,Carlos SAINZ,SAI,Ferrari,E80020,Carlos,Sainz,https://media.formula1.com/d_driver_fallback_image.png/content/dam/fom-website/drivers/C/CARSAI01_Carlos_Sainz/carsai01.png.transform/1col/image.png,ESP
4.0,16,50.0,12.0,False,False,False,4940.252,14.283,1250,9644,1250,9644,C LECLERC,Charles LECLERC,LEC,Ferrari,E80020,Charles,Leclerc,https://media.formula1.com/d_driver_fallback_image.png/content/dam/fom-website/drivers/C/CHALEC01_Charles_Leclerc/chalec01.png.transform/1col/image.png,MON
5.0,1,50.0,10.0,False,False,False,4942.551,16.582,1250,9644,1250,9644,M VERSTAPPEN,Max VERSTAPPEN,VER,Red Bull Racing,3671C6,Max,Verstappen,https://media.formula1.com/d_driver_fallback_image.png/content/dam/fom-website/drivers/M/MAXVER01_Max_Verstappen/maxver01.png.transform/1col/image.png,NED
6.0,4,50.0,9.0,False,False,False,4969.354,43.385,1250,9644,1250,9644,L NORRIS,Lando NORRIS,NOR,McLaren,FF8000,Lando,Norris,https://media.formula1.com/d_driver_fallback_image.png/content/dam/fom-website/drivers/L/LANNOR01_Lando_Norris/lannor01.png.transform/1col/image.png,GBR
7.0,81,50.0,6.0,False,False,False,4977.334,51.365,1250,9644,1250,9644,O PIASTRI,Oscar PIASTRI,PIA,McLaren,FF8000,Oscar,Piastri,https://media.formula1.com/d_driver_fallback_image.png/content/dam/fom-website/drivers/O/OSCPIA01_Oscar_Piastri/oscpia01.png.transform/1col/image.png,AUS
8.0,27,50.0,4.0,False,False,False,4985.777,59.808,1250,9644,1250,9644,N HULKENBERG,Nico HULKENBERG,HUL,Haas F1 Team,B6BABD,Nico,Hulkenberg,https://media.formula1.com/d_driver_fallback_image.png/content/dam/fom-website/drivers/N/NICHUL01_Nico_Hulkenberg/nichul01.png.transform/1col/image.png,GER
9.0,22,50.0,2.0,False,False,False,4988.777,62.808,1250,9644,1250,9644,Y TSUNODA,Yuki TSUNODA,TSU,RB,6692FF,Yuki,Tsunoda,https://media.formula1.com/d_driver_fallback_image.png/content/dam/fom-website/drivers/Y/YUKTSU01_Yuki_Tsunoda/yuktsu01.png.transform/1col/image.png,JPN
10.0,11,50.0,1.0,False,False,False,4989.083,63.114,1250,9644,1250,9644,S PEREZ,Sergio PEREZ,PER,Red Bull Racing,3671C6,Sergio,Perez,https://media.formula1.com/d_driver_fallback_image.png/content/dam/fom-website/drivers/S/SERPER01_Sergio_Perez/serper01.png.transform/1col/image.png,MEX
11.0,14,50.0,0.0,False,False,False,4995.164,69.195,1250,9644,1250,9644,F ALONSO,Fernando ALONSO,ALO,Aston Martin,229971,Fernando,Alonso,https://media.formula1.com/d_driver_fallback_image.png/content/dam/fom-website/drivers/F/FERALO01_Fernando_Alonso/feralo01.png.transform/1col/image.png,ESP
12.0,20,50.0,0.0,False,False,False,4995.772,69.803,1250,9644,1250,9644,K MAGNUSSEN,Kevin MAGNUSSEN,MAG,Haas F1 Team,B6BABD,Kevin,Magnussen,https://media.formula1.com/d_driver_fallback_image.png/content/dam/fom-website/drivers/K/KEVMAG01_Kevin_Magnussen/kevmag01.png.transform/1col/image.png,DEN
13.0,24,50.0,0.0,False,False,False,5000.054,74.085,1250,9644,1250,9644,G ZHOU,ZHOU Guanyu,ZHO,Kick Sauber,52e252,Guanyu,Zhou,https://media.formula1.com/d_driver_fallback_image.png/content/dam/fom-website/drivers/G/GUAZHO01_Guanyu_Zhou/guazho01.png.transform/1col/image.png,CHN
14.0,43,50.0,0.0,False,False,False,5001.141,75.172,1250,9644,1250,9644,F COLAPINTO,Franco COLAPINTO,COL,Williams,64C4FF,Franco,Colapinto,,ARG
15.0,18,50.0,0.0,False,False,False,5010.071,84.102,1250,9644,1250,9644,L STROLL,Lance STROLL,STR,Aston Martin,229971,Lance,Stroll,https://media.formula1.com/d_driver_fallback_image.png/content/dam/fom-website/drivers/L/LANSTR01_Lance_Stroll/lanstr01.png.transform/1col/image.png,CAN
16.0,30,50.0,0.0,False,False,False,5016.974,91.005,1250,9644,1250,9644,L LAWSON,Liam LAWSON,LAW,RB,6692FF,Liam,Lawson,,NZL
17.0,31,49.0,0.0,False,False,False,,+1 LAP,1250,9644,1250,9644,E OCON,Esteban OCON,OCO,Alpine,0093cc,Esteban,Ocon,https://media.formula1.com/d_driver_fallback_image.png/content/dam/fom-website/drivers/E/ESTOCO01_Esteban_Ocon/estoco01.png.transform/1col/image.png,FRA
18.0,77,49.0,0.0,False,False,False,,+1 LAP,1250,9644,1250,9644,V BOTTAS,Valtteri BOTTAS,BOT,Kick Sauber,52e252,Valtteri,Bottas,https://media.formula1.com/d_driver_fallback_image.png/content/dam/fom-website/drivers/V/VALBOT01_Valtteri_Bottas/valbot01.png.transform/1col/image.png,FIN
,23,25.0,0.0,True,False,False,,,1250,9644,1250,9644,A ALBON,Alexander ALBON,ALB,Williams,64C4FF,Alexander,Albon,https://media.formula1.com/d_driver_fallback_image.png/content/dam/fom-website/drivers/A/ALEALB01_Alexander_Albon/alealb01.png.transform/1col/image.png,THA
,10,15.0,0.0,True,False,False,,,1250,9644,1250,9644,P GASLY,Pierre GASLY,GAS,Alpine,0093cc,Pierre,Gasly,https://media.formula1.com/d_driver_fallback_image.png/content/dam/fom-website/drivers/P/PIEGAS01_Pierre_Gasly/piegas01.png.transform/1col/image.png,FRA
1.0,1,57.0,25.0,False,False,False,5465.323,0,1251,9655,1251,9655,M VERSTAPPEN,Max VERSTAPPEN,VER,Red Bull Racing,3671C6,Max,Verstappen,https://media.formula1.com/d_driver_fallback_image.png/content/dam/fom-website/drivers/M/MAXVER01_Max_Verstappen/maxver01.png.transform/1col/image.png,NED
2.0,16,57.0,18.0,False,False,False,5471.354,6.031,1251,9655,1251,9655,C LECLERC,Charles LECLERC,LEC,Ferrari,E80020,Charles,Leclerc,https://media.formula1.com/d_driver_fallback_image.png/content/dam/fom-website/drivers/C/CHALEC01_Charles_Leclerc/chalec01.png.transform/1col/image.png,MON
3.0,81,57.0,15.0,False,False,False,5472.142,6.819,1251,9655,1251,9655,O PIASTRI,Oscar PIASTRI,PIA,McLaren,FF8000,Oscar,Piastri,https://media.formula1.com/d_driver_fallback_image.png/content/dam/fom-website/drivers/O/OSCPIA01_Oscar_Piastri/oscpia01.png.transform/1col/image.png,AUS
4.0,63,57.0,12.0,False,False,False,5479.427,14.104,1251,9655,1251,9655,G RUSSELL,George RUSSELL,RUS,Mercedes,27F4D2,George,Russell,https://media.formula1.com/d_driver_fallback_image.png/content/dam/fom-website/drivers/G/GEORUS01_George_Russell/georus01.png.transform/1col/image.png,GBR
5.0,10,57.0,10.0,False,False,False,5482.105,16.782,1251,9655,1251,9655,P GASLY,Pierre GASLY,GAS,Alpine,0093cc,Pierre,Gasly,https://media.formula1.com/d_driver_fallback_image.png/content/dam/fom-website/drivers/P/PIEGAS01_Pierre_Gasly/piegas01.png.transform/1col/image.png,FRA
6.0,55,57.0,8.0,False,False,False,5482.799,17.476,1251,9655,1251,9655,C SAINZ,Carlos SAINZ,SAI,Ferrari,E80020,Carlos,Sainz,https://media.formula1.com/d_driver_fallback_image.png/content/dam/fom-website/drivers/C/CARSAI01_Carlos_Sainz/carsai01.png.transform/1col/image.png,ESP
7.0,14,57.0,6.0,False,False,False,5485.19,19.867,1251,9655,1251,9655,F ALONSO,Fernando ALONSO,ALO,Aston Martin,229971,Fernando,Alonso,https://media.formula1.com/d_driver_fallback_image.png/content/dam/fom-website/drivers/F/FERALO01_Fernando_Alonso/feralo01.png.transform/1col/image.png,ESP
8.0,24,57.0,4.0,False,False,False,5490.683,25.36,1251,9655,1251,9655,G ZHOU,ZHOU Guanyu,ZHO,Kick Sauber,52e252,Guanyu,Zhou,https://media.formula1.com/d_driver_fallback_image.png/content/dam/fom-website/drivers/G/GUAZHO01_Guanyu_Zhou/guazho01.png.transform/1col/image.png,CHN
9.0,20,57.0,2.0,False,False,False,5497.5,32.177,1251,9655,1251,9655,K MAGNUSSEN,Kevin MAGNUSSEN,MAG,Haas F1 Team,B6BABD,Kevin,Magnussen,https://media.formula1.com/d_driver_fallback_image.png/content/dam/fom-website/drivers/K/KEVMAG01_Kevin_Magnussen/kevmag01.png.transform/1col/image.png,DEN
10.0,4,57.0,2.0,False,False,False,5501.085,35.762,1251,9655,1251,9655,L NORRIS,Lando NORRIS,NOR,McLaren,FF8000,Lando,Norris,https://media.formula1.com/d_driver_fallback_image.png/content/dam/fom-website/drivers/L/LANNOR01_Lando_Norris/lannor01.png.transform/1col/image.png,GBR
11.0,77,57.0,0.0,False,False,False,5515.566,50.243,1251,9655,1251,9655,V BOTTAS,Valtteri BOTTAS,BOT,Kick Sauber,52e252,Valtteri,Bottas,https://media.formula1.com/d_driver_fallback_image.png/content/dam/fom-website/drivers/V/VALBOT01_Valtteri_Bottas/valbot01.png.transform/1col/image.png,FIN
12.0,44,57.0,0.0,False,False,False,5521.445,56.122,1251,9655,1251,9655,L HAMILTON,Lewis HAMILTON,HAM,Mercedes,27F4D2,Lewis,Hamilton,https://media.formula1.com/d_driver_fallback_image.png/content/dam/fom-website/drivers/L/LEWHAM01_Lewis_Hamilton/lewham01.png.transform/1col/image.png,GBR
13.0,22,57.0,0.0,False,False,False,5526.423,61.1,1251,9655,1251,9655,Y TSUNODA,Yuki TSUNODA,TSU,RB,6692FF,Yuki,Tsunoda,https://media.formula1.com/d_driver_fallback_image.png/content/dam/fom-website/drivers/Y/YUKTSU01_Yuki_Tsunoda/yuktsu01.png.transform/1col/image.png,JPN
14.0,30,57.0,0.0,False,False,False,5527.979,62.656,1251,9655,1251,9655,L LAWSON,Liam LAWSON,LAW,RB,6692FF,Liam,Lawson,,NZL
15.0,23,56.0,0.0,False,False,False,,+1 LAP,1251,9655,1251,9655,A ALBON,Alexander ALBON,ALB,Williams,64C4FF,Alexander,Albon,https://media.formula1.com/d_driver_fallback_image.png/content/dam/fom-website/drivers/A/ALEALB01_Alexander_Albon/alealb01.png.transform/1col/image.png,THA
,27,39.0,0.0,True,False,False,,,1251,9655,1251,9655,N HULKENBERG,Nico HULKENBERG,HUL,Haas F1 Team,B6BABD,Nico,Hulkenberg,https://media.formula1.com/d_driver_fallback_image.png/content/dam/fom-website/drivers/N/NICHUL01_Nico_Hulkenberg/nichul01.png.transform/1col/image.png,GER
,11,38.0,0.0,True,False,False,,,1251,9655,1251,9655,S PEREZ,Sergio PEREZ,PER,Red Bull Racing,3671C6,Sergio,Perez,https://media.formula1.com/d_driver_fallback_image.png/content/dam/fom-website/drivers/S/SERPER01_Sergio_Perez/serper01.png.transform/1col/image.png,MEX
,18,8.0,0.0,True,False,False,,,1251,9655,1251,9655,L STROLL,Lance STROLL,STR,Aston Martin,229971,Lance,Stroll,https://media.formula1.com/d_driver_fallback_image.png/content/dam/fom-website/drivers/L/LANSTR01_Lance_Stroll/lanstr01.png.transform/1col/image.png,CAN
,43,0.0,0.0,True,False,False,,,1251,9655,1251,9655,F COLAPINTO,Franco COLAPINTO,COL,Williams,64C4FF,Franco,Colapinto,,ARG
,31,0.0,0.0,True,False,False,,,1251,9655,1251,9655,E OCON,Esteban OCON,OCO,Alpine,0093cc,Esteban,Ocon,https://media.formula1.com/d_driver_fallback_image.png/content/dam/fom-website/drivers/E/ESTOCO01_Esteban_Ocon/estoco01.png.transform/1col/image.png,FRA
1.0,4,58.0,25.0,False,False,False,5193.291,0,1252,9662,1252,9662,L NORRIS,Lando NORRIS,NOR,McLaren,FF8000,Lando,Norris,https://media.formula1.com/d_driver_fallback_image.png/content/dam/fom-website/drivers/L/LANNOR01_Lando_Norris/lannor01.png.transform/1col/image.png,GBR
2.0,55,58.0,18.0,False,False,False,5199.123,5.832,1252,9662,1252,9662,C SAINZ,Carlos SAINZ,SAI,Ferrari,E80020,Carlos,Sainz,https://media.formula1.com/d_driver_fallback_image.png/content/dam/fom-website/drivers/C/CARSAI01_Carlos_Sainz/carsai01.png.transform/1col/image.png,ESP
3.0,16,58.0,15.0,False,False,False,5225.219,31.928,1252,9662,1252,9662,C LECLERC,Charles LECLERC,LEC,Ferrari,E80020,Charles,Leclerc,https://media.formula1.com/d_driver_fallback_image.png/content/dam/fom-website/drivers/C/CHALEC01_Charles_Leclerc/chalec01.png.transform/1col/image.png,MON
4.0,44,58.0,12.0,False,False,False,5229.774,36.483,1252,9662,1252,9662,L HAMILTON,Lewis HAMILTON,HAM,Mercedes,27F4D2,Lewis,Hamilton,https://media.formula1.com/d_driver_fallback_image.png/content/dam/fom-website/drivers/L/LEWHAM01_Lewis_Hamilton/lewham01.png.transform/1col/image.png,GBR
5.0,63,58.0,10.0,False,False,False,5230.829,37.538,1252,9662,1252,9662,G RUSSELL,George RUSSELL,RUS,Mercedes,27F4D2,George,Russell,https://media.formula1.com/d_driver_fallback_image.png/content/dam/fom-website/drivers/G/GEORUS01_George_Russell/georus01.png.transform/1col/image.png,GBR
6.0,1,58.0,8.0,False,False,False,5243.138,49.847,1252,9662,1252,9662,M VERSTAPPEN,Max VERSTAPPEN,VER,Red Bull Racing,3671C6,Max,Verstappen,https://media.formula1.com/d_driver_fallback_image.png/content/dam/fom-website/drivers/M/MAXVER01_Max_Verstappen/maxver01.png.transform/1col/image.png,NED
7.0,10,58.0,6.0,False,False,False,5265.851,72.56,1252,9662,1252,9662,P GASLY,Pierre GASLY,GAS,Alpine,0093cc,Pierre,Gasly,https://media.formula1.com/d_driver_fallback_image.png/content/dam/fom-website/drivers/P/PIEGAS01_Pierre_Gasly/piegas01.png.transform/1col/image.png,FRA
8.0,27,58.0,4.0,False,False,False,5268.845,75.554,1252,9662,1252,9662,N HULKENBERG,Nico HULKENBERG,HUL,Haas F1 Team,B6BABD,Nico,Hulkenberg,https://media.formula1.com/d_driver_fallback_image.png/content/dam/fom-website/drivers/N/NICHUL01_Nico_Hulkenberg/nichul01.png.transform/1col/image.png,GER
9.0,14,58.0,2.0,False,False,False,5275.664,82.373,1252,9662,1252,9662,F ALONSO,Fernando ALONSO,ALO,Aston Martin,229971,Fernando,Alonso,https://media.formula1.com/d_driver_fallback_image.png/content/dam/fom-website/drivers/F/FERALO01_Fernando_Alonso/feralo01.png.transform/1col/image.png,ESP
10.0,81,58.0,1.0,False,False,False,5277.112,83.821,1252,9662,1252,9662,O PIASTRI,Oscar PIASTRI,PIA,McLaren,FF8000,Oscar,Piastri,https://media.formula1.com/d_driver_fallback_image.png/content/dam/fom-website/drivers/O/OSCPIA01_Oscar_Piastri/oscpia01.png.transform/1col/image.png,AUS
11.0,23,57.0,0.0,False,False,False,,+1 LAP,1252,9662,1252,9662,A ALBON,Alexander ALBON,ALB,Williams,64C4FF,Alexander,Albon,https://media.formula1.com/d_driver_fallback_image.png/content/dam/fom-website/drivers/A/ALEALB01_Alexander_Albon/alealb01.png.transform/1col/image.png,THA
12.0,22,57.0,0.0,False,False,False,,+1 LAP,1252,9662,1252,9662,Y TSUNODA,Yuki TSUNODA,TSU,RB,6692FF,Yuki,Tsunoda,https://media.formula1.com/d_driver_fallback_image.png/content/dam/fom-website/drivers/Y/YUKTSU01_Yuki_Tsunoda/yuktsu01.png.transform/1col/image.png,JPN
13.0,24,57.0,0.0,False,False,False,,+1 LAP,1252,9662,1252,9662,G ZHOU,ZHOU Guanyu,ZHO,Kick Sauber,52e252,Guanyu,Zhou,https://media.formula1.com/d_driver_fallback_image.png/content/dam/fom-website/drivers/G/GUAZHO01_Guanyu_Zhou/guazho01.png.transform/1col/image.png,CHN
14.0,18,57.0,0.0,False,False,False,,+1 LAP,1252,9662,1252,9662,L STROLL,Lance STROLL,STR,Aston Martin,229971,Lance,Stroll,https://media.formula1.com/d_driver_fallback_image.png/content/dam/fom-website/drivers/L/LANSTR01_Lance_Stroll/lanstr01.png.transform/1col/image.png,CAN
15.0,61,57.0,0.0,False,False,False,,+1 LAP,1252,9662,1252,9662,J DOOHAN,Jack DOOHAN,DOO,Alpine,0093cc,Jack,Doohan,,AUS
16.0,20,57.0,0.0,False,False,False,,+1 LAP,1252,9662,1252,9662,K MAGNUSSEN,Kevin MAGNUSSEN,MAG,Haas F1 Team,B6BABD,Kevin,Magnussen,https://media.formula1.com/d_driver_fallback_image.png/content/dam/fom-website/drivers/K/KEVMAG01_Kevin_Magnussen/kevmag01.png.transform/1col/image.png,DEN
17.0,30,55.0,0.0,True,False,False,,,1252,9662,1252,9662,L LAWSON,Liam LAWSON,LAW,RB,6692FF,Liam,Lawson,,NZL
,77,30.0,0.0,True,False,False,,,1252,9662,1252,9662,V BOTTAS,Valtteri BOTTAS,BOT,Kick Sauber,52e252,Valtteri,Bottas,https://media.formula1.com/d_driver_fallback_image.png/content/dam/fom-website/drivers/V/VALBOT01_Valtteri_Bottas/valbot01.png.transform/1col/image.png,FIN
,43,26.0,0.0,True,False,False,,,1252,9662,1252,9662,F COLAPINTO,Franco COLAPINTO,COL,Williams,64C4FF,Franco,Colapinto,,ARG
,11,0.0,0.0,True,False,False,,,1252,9662,1252,9662,S PEREZ,Sergio PEREZ,PER,Red Bull Racing,3671C6,Sergio,Perez,https://media.formula1.com/d_driver_fallback_image.png/content/dam/fom-website/drivers/S/SERPER01_Sergio_Perez/serper01.png.transform/1col/image.png,MEX
1.0,4,57.0,25.0,False,False,False,6126.304,0.0,1254,9693,1254,9693,L NORRIS,Lando NORRIS,NOR,McLaren,FF8000,Lando,Norris,https://media.formula1.com/d_driver_fallback_image.png/content/dam/fom-website/drivers/L/LANNOR01_Lando_Norris/lannor01.png.transform/1col/image.png,
2.0,1,57.0,18.0,False,False,False,6127.199,0.895,1254,9693,1254,9693,M VERSTAPPEN,Max VERSTAPPEN,VER,Red Bull Racing,3671C6,Max,Verstappen,https://media.formula1.com/d_driver_fallback_image.png/content/dam/fom-website/drivers/M/MAXVER01_Max_Verstappen/maxver01.png.transform/1col/image.png,
3.0,63,57.0,15.0,False,False,False,6134.785,8.481,1254,9693,1254,9693,G RUSSELL,George RUSSELL,RUS,Mercedes,27F4D2,George,Russell,https://media.formula1.com/d_driver_fallback_image.png/content/dam/fom-website/drivers/G/GEORUS01_George_Russell/georus01.png.transform/1col/image.png,
4.0,12,57.0,12.0,False,False,False,6136.439,10.135,1254,9693,1254,9693,K ANTONELLI,Kimi ANTONELLI,ANT,Mercedes,27F4D2,Kimi,Antonelli,https://media.formula1.com/d_driver_fallback_image.png/content/dam/fom-website/drivers/A/ANDANT01_Andrea%20Kimi_Antonelli/andant01.png.transform/1col/image.png,
5.0,23,57.0,10.0,False,False,False,6139.077,12.773,1254,9693,1254,9693,A ALBON,Alexander ALBON,ALB,Williams,64C4FF,Alexander,Albon,https://media.formula1.com/d_driver_fallback_image.png/content/dam/fom-website/drivers/A/ALEALB01_Alexander_Albon/alealb01.png.transform/1col/image.png,
6.0,18,57.0,8.0,False,False,False,6143.717,17.413,1254,9693,1254,9693,L STROLL,Lance STROLL,STR,Aston Martin,229971,Lance,Stroll,https://media.formula1.com/d_driver_fallback_image.png/content/dam/fom-website/drivers/L/LANSTR01_Lance_Stroll/lanstr01.png.transform/1col/image.png,
7.0,27,57.0,6.0,False,False,False,6144.727,18.423,1254,9693,1254,9693,N HULKENBERG,Nico HULKENBERG,HUL,Kick Sauber,52E252,Nico,Hulkenberg,https://media.formula1.com/d_driver_fallback_image.png/content/dam/fom-website/drivers/N/NICHUL01_Nico_Hulkenberg/nichul01.png.transform/1col/image.png,
8.0,16,57.0,4.0,False,False,False,6146.13,19.826,1254,9693,1254,9693,C LECLERC,Charles LECLERC,LEC,Ferrari,E80020,Charles,Leclerc,https://media.formula1.com/d_driver_fallback_image.png/content/dam/fom-website/drivers/C/CHALEC01_Charles_Leclerc/chalec01.png.transform/1col/image.png,
9.0,81,57.0,2.0,False,False,False,6146.752,20.448,1254,9693,1254,9693,O PIASTRI,Oscar PIASTRI,PIA,McLaren,FF8000,Oscar,Piastri,https://media.formula1.com/d_driver_fallback_image.png/content/dam/fom-website/drivers/O/OSCPIA01_Oscar_Piastri/oscpia01.png.transform/1col/image.png,
10.0,44,57.0,1.0,False,False,False,6148.777,22.473,1254,9693,1254,9693,L HAMILTON,Lewis HAMILTON,HAM,Ferrari,E80020,Lewis,Hamilton,https://media.formula1.com/d_driver_fallback_image.png/content/dam/fom-website/drivers/L/LEWHAM01_Lewis_Hamilton/lewham01.png.transform/1col/image.png,
11.0,10,57.0,0.0,False,False,False,6152.806,26.502,1254,9693,1254,9693,P GASLY,Pierre GASLY,GAS,Alpine,0093CC,Pierre,Gasly,https://media.formula1.com/d_driver_fallback_image.png/content/dam/fom-website/drivers/P/PIEGAS01_Pierre_Gasly/piegas01.png.transform/1col/image.png,
12.0,22,57.0,0.0,False,False,False,6156.188,29.884,1254,9693,1254,9693,Y TSUNODA,Yuki TSUNODA,TSU,Racing Bulls,6692FF,Yuki,Tsunoda,https://media.formula1.com/d_driver_fallback_image.png/content/dam/fom-website/drivers/Y/YUKTSU01_Yuki_Tsunoda/yuktsu01.png.transform/1col/image.png,
13.0,31,57.0,0.0,False,False,False,6159.465,33.161,1254,9693,1254,9693,E OCON,Esteban OCON,OCO,Haas F1 Team,B6BABD,Esteban,Ocon,https://media.formula1.com/d_driver_fallback_image.png/content/dam/fom-website/drivers/E/ESTOCO01_Esteban_Ocon/estoco01.png.transform/1col/image.png,
14.0,87,57.0,0.0,False,False,False,6166.655,40.351,1254,9693,1254,9693,O BEARMAN,Oliver BEARMAN,BEA,Haas F1 Team,B6BABD,Oliver,Bearman,https://media.formula1.com/d_driver_fallback_image.png/content/dam/fom-website/drivers/O/OLIBEA01_Oliver_Bearman/olibea01.png.transform/1col/image.png,
,30,46.0,0.0,True,False,False,,,1254,9693,1254,9693,L LAWSON,Liam LAWSON,LAW,Red Bull Racing,3671C6,Liam,Lawson,https://media.formula1.com/d_driver_fallback_image.png/content/dam/fom-website/drivers/L/LIALAW01_Liam_Lawson/lialaw01.png.transform/1col/image.png,
,5,45.0,0.0,True,False,False,,,1254,9693,1254,9693,G BORTOLETO,Gabriel BORTOLETO,BOR,Kick Sauber,52E252,Gabriel,Bortoleto,https://media.formula1.com/d_driver_fallback_image.png/content/dam/fom-website/drivers/G/GABBOR01_Gabriel_Bortoleto/gabbor01.png.transform/1col/image.png,
,14,32.0,0.0,True,False,False,,,1254,9693,1254,9693,F ALONSO,Fernando ALONSO,ALO,Aston Martin,229971,Fernando,Alonso,https://media.formula1.com/d_driver_fallback_image.png/content/dam/fom-website/drivers/F/FERALO01_Fernando_Alonso/feralo01.png.transform/1col/image.png,
,55,0.0,0.0,True,False,False,,,1254,9693,1254,9693,C SAINZ,Carlos SAINZ,SAI,Williams,64C4FF,Carlos,Sainz,https://media.formula1.com/d_driver_fallback_image.png/content/dam/fom-website/drivers/C/CARSAI01_Carlos_Sainz/carsai01.png.transform/1col/image.png,
,7,0.0,0.0,True,False,False,,,1254,9693,1254,9693,J DOOHAN,Jack DOOHAN,DOO,Alpine,0093CC,Jack,Doohan,https://media.formula1.com/d_driver_fallback_image.png/content/dam/fom-website/drivers/J/JACDOO01_Jack_Doohan/jacdoo01.png.transform/1col/image.png,
,6,0.0,0.0,False,True,False,,,1254,9693,1254,9693,I HADJAR,Isack HADJAR,HAD,Racing Bulls,6692FF,Isack,Hadjar,https://media.formula1.com/d_driver_fallback_image.png/content/dam/fom-website/drivers/I/ISAHAD01_Isack_Hadjar/isahad01.png.transform/1col/image.png,
1.0,81,56.0,25.0,False,False,False,5455.026,0,1255,9998,1255,9998,O PIASTRI,Oscar PIASTRI,PIA,McLaren,FF8000,Oscar,Piastri,https://media.formula1.com/d_driver_fallback_image.png/content/dam/fom-website/drivers/O/OSCPIA01_Oscar_Piastri/oscpia01.png.transform/1col/image.png,
2.0,4,56.0,18.0,False,False,False,5464.774,9.748,1255,9998,1255,9998,L NORRIS,Lando NORRIS,NOR,McLaren,FF8000,Lando,Norris,https://media.formula1.com/d_driver_fallback_image.png/content/dam/fom-website/drivers/L/LANNOR01_Lando_Norris/lannor01.png.transform/1col/image.png,
3.0,63,56.0,15.0,False,False,False,5466.123,11.097,1255,9998,1255,9998,G RUSSELL,George RUSSELL,RUS,Mercedes,27F4D2,George,Russell,https://media.formula1.com/d_driver_fallback_image.png/content/dam/fom-website/drivers/G/GEORUS01_George_Russell/georus01.png.transform/1col/image.png,
4.0,1,56.0,12.0,False,False,False,5471.682,16.656,1255,9998,1255,9998,M VERSTAPPEN,Max VERSTAPPEN,VER,Red Bull Racing,3671C6,Max,Verstappen,https://media.formula1.com/d_driver_fallback_image.png/content/dam/fom-website/drivers/M/MAXVER01_Max_Verstappen/maxver01.png.transform/1col/image.png,
5.0,31,56.0,10.0,False,False,False,5504.995,49.969,1255,9998,1255,9998,E OCON,Esteban OCON,OCO,Haas F1 Team,B6BABD,Esteban,Ocon,https://media.formula1.com/d_driver_fallback_image.png/content/dam/fom-website/drivers/E/ESTOCO01_Esteban_Ocon/estoco01.png.transform/1col/image.png,
6.0,12,56.0,8.0,False,False,False,5508.774,53.748,1255,9998,1255,9998,K ANTONELLI,Kimi ANTONELLI,ANT,Mercedes,27F4D2,Kimi,Antonelli,https://media.formula1.com/d_driver_fallback_image.png/content/dam/fom-website/drivers/A/ANDANT01_Andrea%20Kimi_Antonelli/andant01.png.transform/1col/image.png,
7.0,23,56.0,6.0,False,False,False,5511.347,56.321,1255,9998,1255,9998,A ALBON,Alexander ALBON,ALB,Williams,64C4FF,Alexander,Albon,https://media.formula1.com/d_driver_fallback_image.png/content/dam/fom-website/drivers/A/ALEALB01_Alexander_Albon/alealb01.png.transform/1col/image.png,
8.0,87,56.0,4.0,False,False,False,5516.329,61.303,1255,9998,1255,9998,O BEARMAN,Oliver BEARMAN,BEA,Haas F1 Team,B6BABD,Oliver,Bearman,https://media.formula1.com/d_driver_fallback_image.png/content/dam/fom-website/drivers/O/OLIBEA01_Oliver_Bearman/olibea01.png.transform/1col/image.png,
9.0,18,56.0,2.0,False,False,False,5525.23,70.204,1255,9998,1255,9998,L STROLL,Lance STROLL,STR,Aston Martin,229971,Lance,Stroll,https://media.formula1.com/d_driver_fallback_image.png/content/dam/fom-website/drivers/L/LANSTR01_Lance_Stroll/lanstr01.png.transform/1col/image.png,
10.0,55,56.0,1.0,False,False,False,5531.413,76.387,1255,9998,1255,9998,C SAINZ,Carlos SAINZ,SAI,Williams,64C4FF,Carlos,Sainz,https://media.formula1.com/d_driver_fallback_image.png/content/dam/fom-website/drivers/C/CARSAI01_Carlos_Sainz/carsai01.png.transform/1col/image.png,
11.0,6,56.0,0.0,False,False,False,5533.901,78.875,1255,9998,1255,9998,I HADJAR,Isack HADJAR,HAD,Racing Bulls,6692FF,Isack,Hadjar,https://media.formula1.com/d_driver_fallback_image.png/content/dam/fom-website/drivers/I/ISAHAD01_Isack_Hadjar/isahad01.png.transform/1col/image.png,
12.0,30,56.0,0.0,False,False,False,5536.173,81.147,1255,9998,1255,9998,L LAWSON,Liam LAWSON,LAW,Red Bull Racing,3671C6,Liam,Lawson,https://media.formula1.com/d_driver_fallback_image.png/content/dam/fom-website/drivers/L/LIALAW01_Liam_Lawson/lialaw01.png.transform/1col/image.png,
13.0,7,56.0,0.0,False,False,False,5543.427,88.401,1255,9998,1255,9998,J DOOHAN,Jack DOOHAN,DOO,Alpine,0093CC,Jack,Doohan,https://media.formula1.com/d_driver_fallback_image.png/content/dam/fom-website/drivers/J/JACDOO01_Jack_Doohan/jacdoo01.png.transform/1col/image.png,
14.0,5,55.0,0.0,False,False,False,,+1 LAP,1255,9998,1255,9998,G BORTOLETO,Gabriel BORTOLETO,BOR,Kick Sauber,52E252,Gabriel,Bortoleto,https://media.formula1.com/d_driver_fallback_image.png/content/dam/fom-website/drivers/G/GABBOR01_Gabriel_Bortoleto/gabbor01.png.transform/1col/image.png,
15.0,27,55.0,0.0,False,False,False,,+1 LAP,1255,9998,1255,9998,N HULKENBERG,Nico HULKENBERG,HUL,Kick Sauber,52E252,Nico,Hulkenberg,https://media.formula1.com/d_driver_fallback_image.png/content/dam/fom-website/drivers/N/NICHUL01_Nico_Hulkenberg/nichul01.png.transform/1col/image.png,
16.0,22,55.0,0.0,False,False,False,,+1 LAP,1255,9998,1255,9998,Y TSUNODA,Yuki TSUNODA,TSU,Racing Bulls,6692FF,Yuki,Tsunoda,https://media.formula1.com/d_driver_fallback_image.png/content/dam/fom-website/drivers/Y/YUKTSU01_Yuki_Tsunoda/yuktsu01.png.transform/1col/image.png,
,14,4.0,0.0,True,False,False,,,1255,9998,1255,9998,F ALONSO,Fernando ALONSO,ALO,Aston Martin,229971,Fernando,Alonso,https://media.formula1.com/d_driver_fallback_image.png/content/dam/fom-website/drivers/F/FERALO01_Fernando_Alonso/feralo01.png.transform/1col/image.png,
,16,,0.0,False,False,True,,,1255,9998,1255,9998,C LECLERC,Charles LECLERC,LEC,Ferrari,E80020,Charles,Leclerc,https://media.formula1.com/d_driver_fallback_image.png/content/dam/fom-website/drivers/C/CHALEC01_Charles_Leclerc/chalec01.png.transform/1col/image.png,
,44,,0.0,False,False,True,,,1255,9998,1255,9998,L HAMILTON,Lewis HAMILTON,HAM,Ferrari,E80020,Lewis,Hamilton,https://media.formula1.com/d_driver_fallback_image.png/content/dam/fom-website/drivers/L/LEWHAM01_Lewis_Hamilton/lewham01.png.transform/1col/image.png,
,10,,0.0,False,False,True,,,1255,9998,1255,9998,P GASLY,Pierre GASLY,GAS,Alpine,0093CC,Pierre,Gasly,https://media.formula1.com/d_driver_fallback_image.png/content/dam/fom-website/drivers/P/PIEGAS01_Pierre_Gasly/piegas01.png.transform/1col/image.png,
1.0,1,53.0,25.0,False,False,False,4926.983,0,1256,10006,1256,10006,M VERSTAPPEN,Max VERSTAPPEN,VER,Red Bull Racing,3671C6,Max,Verstappen,https://media.formula1.com/d_driver_fallback_image.png/content/dam/fom-website/drivers/M/MAXVER01_Max_Verstappen/maxver01.png.transform/1col/image.png,
2.0,4,53.0,18.0,False,False,False,4928.406,1.423,1256,10006,1256,10006,L NORRIS,Lando NORRIS,NOR,McLaren,FF8000,Lando,Norris,https://media.formula1.com/d_driver_fallback_image.png/content/dam/fom-website/drivers/L/LANNOR01_Lando_Norris/lannor01.png.transform/1col/image.png,
3.0,81,53.0,15.0,False,False,False,4929.112,2.129,1256,10006,1256,10006,O PIASTRI,Oscar PIASTRI,PIA,McLaren,FF8000,Oscar,Piastri,https://media.formula1.com/d_driver_fallback_image.png/content/dam/fom-website/drivers/O/OSCPIA01_Oscar_Piastri/oscpia01.png.transform/1col/image.png,
4.0,16,53.0,12.0,False,False,False,4943.08,16.097,1256,10006,1256,10006,C LECLERC,Charles LECLERC,LEC,Ferrari,E80020,Charles,Leclerc,https://media.formula1.com/d_driver_fallback_image.png/content/dam/fom-website/drivers/C/CHALEC01_Charles_Leclerc/chalec01.png.transform/1col/image.png,
5.0,63,53.0,10.0,False,False,False,4944.345,17.362,1256,10006,1256,10006,G RUSSELL,George RUSSELL,RUS,Mercedes,27F4D2,George,Russell,https://media.formula1.com/d_driver_fallback_image.png/content/dam/fom-website/drivers/G/GEORUS01_George_Russell/georus01.png.transform/1col/image.png,
6.0,12,53.0,8.0,False,False,False,4945.654,18.671,1256,10006,1256,10006,K ANTONELLI,Kimi ANTONELLI,ANT,Mercedes,27F4D2,Kimi,Antonelli,https://media.formula1.com/d_driver_fallback_image.png/content/dam/fom-website/drivers/A/ANDANT01_Andrea%20Kimi_Antonelli/andant01.png.transform/1col/image.png,
7.0,44,53.0,6.0,False,False,False,4956.165,29.182,1256,10006,1256,10006,L HAMILTON,Lewis HAMILTON,HAM,Ferrari,E80020,Lewis,Hamilton,https://media.formula1.com/d_driver_fallback_image.png/content/dam/fom-website/drivers/L/LEWHAM01_Lewis_Hamilton/lewham01.png.transform/1col/image.png,
8.0,6,53.0,4.0,False,False,False,4964.117,37.134,1256,10006,1256,10006,I HADJAR,Isack HADJAR,HAD,Racing Bulls,6692FF,Isack,Hadjar,https://media.formula1.com/d_driver_fallback_image.png/content/dam/fom-website/drivers/I/ISAHAD01_Isack_Hadjar/isahad01.png.transform/1col/image.png,
9.0,23,53.0,2.0,False,False,False,4967.35,40.367,1256,10006,1256,10006,A ALBON,Alexander ALBON,ALB,Williams,64C4FF,Alexander,Albon,https://media.formula1.com/d_driver_fallback_image.png/content/dam/fom-website/drivers/A/ALEALB01_Alexander_Albon/alealb01.png.transform/1col/image.png,
10.0,87,53.0,1.0,False,False,False,4981.512,54.529,1256,10006,1256,10006,O BEARMAN,Oliver BEARMAN,BEA,Haas F1 Team,B6BABD,Oliver,Bearman,https://media.formula1.com/d_driver_fallback_image.png/content/dam/fom-website/drivers/O/OLIBEA01_Oliver_Bearman/olibea01.png.transform/1col/image.png,
11.0,14,53.0,0.0,False,False,False,4984.316,57.333,1256,10006,1256,10006,F ALONSO,Fernando ALONSO,ALO,Aston Martin,229971,Fernando,Alonso,https://media.formula1.com/d_driver_fallback_image.png/content/dam/fom-website/drivers/F/FERALO01_Fernando_Alonso/feralo01.png.transform/1col/image.png,
12.0,22,53.0,0.0,False,False,False,4985.384,58.401,1256,10006,1256,10006,Y TSUNODA,Yuki TSUNODA,TSU,Red Bull Racing,3671C6,Yuki,Tsunoda,https://media.formula1.com/d_driver_fallback_image.png/content/dam/fom-website/drivers/Y/YUKTSU01_Yuki_Tsunoda/yuktsu01.png.transform/1col/image.png,
13.0,10,53.0,0.0,False,False,False,4989.105,62.122,1256,10006,1256,10006,P GASLY,Pierre GASLY,GAS,Alpine,0093CC,Pierre,Gasly,https://media.formula1.com/d_driver_fallback_image.png/content/dam/fom-website/drivers/P/PIEGAS01_Pierre_Gasly/piegas01.png.transform/1col/image.png,
14.0,55,53.0,0.0,False,False,False,5001.112,74.129,1256,10006,1256,10006,C SAINZ,Carlos SAINZ,SAI,Williams,64C4FF,Carlos,Sainz,https://media.formula1.com/d_driver_fallback_image.png/content/dam/fom-website/drivers/C/CARSAI01_Carlos_Sainz/carsai01.png.transform/1col/image.png,
15.0,7,53.0,0.0,False,False,False,5008.297,81.314,1256,10006,1256,10006,J DOOHAN,Jack DOOHAN,DOO,Alpine,0093CC,Jack,Doohan,https://media.formula1.com/d_driver_fallback_image.png/content/dam/fom-website/drivers/J/JACDOO01_Jack_Doohan/jacdoo01.png.transform/1col/image.png,
16.0,27,53.0,0.0,False,False,False,5008.94,81.957,1256,10006,1256,10006,N HULKENBERG,Nico HULKENBERG,HUL,Kick Sauber,52E252,Nico,Hulkenberg,https://media.formula1.com/d_driver_fallback_image.png/content/dam/fom-website/drivers/N/NICHUL01_Nico_Hulkenberg/nichul01.png.transform/1col/image.png,
17.0,30,53.0,0.0,False,False,False,5009.717,82.734,1256,10006,1256,10006,L LAWSON,Liam LAWSON,LAW,Racing Bulls,6692FF,Liam,Lawson,https://media.formula1.com/d_driver_fallback_image.png/content/dam/fom-website/drivers/L/LIALAW01_Liam_Lawson/lialaw01.png.transform/1col/image.png,
18.0,31,53.0,0.0,False,False,False,5010.421,83.438,1256,10006,1256,10006,E OCON,Esteban OCON,OCO,Haas F1 Team,B6BABD,Esteban,Ocon,https://media.formula1.com/d_driver_fallback_image.png/content/dam/fom-website/drivers/E/ESTOCO01_Esteban_Ocon/estoco01.png.transform/1col/image.png,
19.0,5,53.0,0.0,False,False,False,5010.88,83.897,1256,10006,1256,10006,G BORTOLETO,Gabriel BORTOLETO,BOR,Kick Sauber,52E252,Gabriel,Bortoleto,https://media.formula1.com/d_driver_fallback_image.png/content/dam/fom-website/drivers/G/GABBOR01_Gabriel_Bortoleto/gabbor01.png.transform/1col/image.png,
20.0,18,52.0,0.0,False,False,False,,+1 LAP,1256,10006,1256,10006,L STROLL,Lance STROLL,STR,Aston Martin,229971,Lance,Stroll,https://media.formula1.com/d_driver_fallback_image.png/content/dam/fom-website/drivers/L/LANSTR01_Lance_Stroll/lanstr01.png.transform/1col/image.png,
1.0,81,57.0,25.0,False,False,False,5739.435,0.0,1257,10014,1257,10014,O PIASTRI,Oscar PIASTRI,PIA,McLaren,FF8000,Oscar,Piastri,https://media.formula1.com/d_driver_fallback_image.png/content/dam/fom-website/drivers/O/OSCPIA01_Oscar_Piastri/oscpia01.png.transform/1col/image.png,
2.0,63,57.0,18.0,False,False,False,5754.934,15.499,1257,10014,1257,10014,G RUSSELL,George RUSSELL,RUS,Mercedes,27F4D2,George,Russell,https://media.formula1.com/d_driver_fallback_image.png/content/dam/fom-website/drivers/G/GEORUS01_George_Russell/georus01.png.transform/1col/image.png,
3.0,4,57.0,15.0,False,False,False,5755.708,16.273,1257,10014,1257,10014,L NORRIS,Lando NORRIS,NOR,McLaren,FF8000,Lando,Norris,https://media.formula1.com/d_driver_fallback_image.png/content/dam/fom-website/drivers/L/LANNOR01_Lando_Norris/lannor01.png.transform/1col/image.png,
4.0,16,57.0,12.0,False,False,False,5759.114,19.679,1257,10014,1257,10014,C LECLERC,Charles LECLERC,LEC,Ferrari,E80020,Charles,Leclerc,https://media.formula1.com/d_driver_fallback_image.png/content/dam/fom-website/drivers/C/CHALEC01_Charles_Leclerc/chalec01.png.transform/1col/image.png,
5.0,44,57.0,10.0,False,False,False,5767.428,27.993,1257,10014,1257,10014,L HAMILTON,Lewis HAMILTON,HAM,Ferrari,E80020,Lewis,Hamilton,https://media.formula1.com/d_driver_fallback_image.png/content/dam/fom-website/drivers/L/LEWHAM01_Lewis_Hamilton/lewham01.png.transform/1col/image.png,
6.0,1,57.0,8.0,False,False,False,5773.83,34.395,1257,10014,1257,10014,M VERSTAPPEN,Max VERSTAPPEN,VER,Red Bull Racing,3671C6,Max,Verstappen,https://media.formula1.com/d_driver_fallback_image.png/content/dam/fom-website/drivers/M/MAXVER01_Max_Verstappen/maxver01.png.transform/1col/image.png,
7.0,10,57.0,6.0,False,False,False,5775.437,36.002,1257,10014,1257,10014,P GASLY,Pierre GASLY,GAS,Alpine,0093CC,Pierre,Gasly,https://media.formula1.com/d_driver_fallback_image.png/content/dam/fom-website/drivers/P/PIEGAS01_Pierre_Gasly/piegas01.png.transform/1col/image.png,
8.0,31,57.0,4.0,False,False,False,5783.679,44.244,1257,10014,1257,10014,E OCON,Esteban OCON,OCO,Haas F1 Team,B6BABD,Esteban,Ocon,https://media.formula1.com/d_driver_fallback_image.png/content/dam/fom-website/drivers/E/ESTOCO01_Esteban_Ocon/estoco01.png.transform/1col/image.png,
9.0,22,57.0,2.0,False,False,False,5784.496,45.061,1257,10014,1257,10014,Y TSUNODA,Yuki TSUNODA,TSU,Red Bull Racing,3671C6,Yuki,Tsunoda,https://media.formula1.com/d_driver_fallback_image.png/content/dam/fom-website/drivers/Y/YUKTSU01_Yuki_Tsunoda/yuktsu01.png.transform/1col/image.png,
10.0,87,57.0,1.0,False,False,False,5787.029,47.594,1257,10014,1257,10014,O BEARMAN,Oliver BEARMAN,BEA,Haas F1 Team,B6BABD,Oliver,Bearman,https://media.formula1.com/d_driver_fallback_image.png/content/dam/fom-website/drivers/O/OLIBEA01_Oliver_Bearman/olibea01.png.transform/1col/image.png,
11.0,12,57.0,0.0,False,False,False,5787.451,48.016,1257,10014,1257,10014,K ANTONELLI,Kimi ANTONELLI,ANT,Mercedes,27F4D2,Kimi,Antonelli,https://media.formula1.com/d_driver_fallback_image.png/content/dam/fom-website/drivers/A/ANDANT01_Andrea%20Kimi_Antonelli/andant01.png.transform/1col/image.png,
12.0,23,57.0,0.0,False,False,False,5788.274,48.839,1257,10014,1257,10014,A ALBON,Alexander ALBON,ALB,Williams,64C4FF,Alexander,Albon,https://media.formula1.com/d_driver_fallback_image.png/content/dam/fom-website/drivers/A/ALEALB01_Alexander_Albon/alealb01.png.transform/1col/image.png,
13.0,6,57.0,0.0,False,False,False,5795.749,56.314,1257,10014,1257,10014,I HADJAR,Isack HADJAR,HAD,Racing Bulls,6692FF,Isack,Hadjar,https://media.formula1.com/d_driver_fallback_image.png/content/dam/fom-website/drivers/I/ISAHAD01_Isack_Hadjar/isahad01.png.transform/1col/image.png,
14.0,7,57.0,0.0,False,False,False,5797.241,57.806,1257,10014,1257,10014,J DOOHAN,Jack DOOHAN,DOO,Alpine,0093CC,Jack,Doohan,https://media.formula1.com/d_driver_fallback_image.png/content/dam/fom-website/drivers/J/JACDOO01_Jack_Doohan/jacdoo01.png.transform/1col/image.png,
15.0,14,57.0,0.0,False,False,False,5799.775,60.34,1257,10014,1257,10014,F ALONSO,Fernando ALONSO,ALO,Aston Martin,229971,Fernando,Alonso,https://media.formula1.com/d_driver_fallback_image.png/content/dam/fom-website/drivers/F/FERALO01_Fernando_Alonso/feralo01.png.transform/1col/image.png,
16.0,30,57.0,0.0,False,False,False,5803.87,64.435,1257,10014,1257,10014,L LAWSON,Liam LAWSON,LAW,Racing Bulls,6692FF,Liam,Lawson,https://media.formula1.com/d_driver_fallback_image.png/content/dam/fom-website/drivers/L/LIALAW01_Liam_Lawson/lialaw01.png.transform/1col/image.png,
17.0,18,57.0,0.0,False,False,False,5804.924,65.489,1257,10014,1257,10014,L STROLL,Lance STROLL,STR,Aston Martin,229971,Lance,Stroll,https://media.formula1.com/d_driver_fallback_image.png/content/dam/fom-website/drivers/L/LANSTR01_Lance_Stroll/lanstr01.png.transform/1col/image.png,
18.0,5,57.0,0.0,False,False,False,5806.307,66.872,1257,10014,1257,10014,G BORTOLETO,Gabriel BORTOLETO,BOR,Kick Sauber,52E252,Gabriel,Bortoleto,https://media.formula1.com/d_driver_fallback_image.png/content/dam/fom-website/drivers/G/GABBOR01_Gabriel_Bortoleto/gabbor01.png.transform/1col/image.png,
,55,45.0,0.0,True,False,False,,,1257,10014,1257,10014,C SAINZ,Carlos SAINZ,SAI,Williams,64C4FF,Carlos,Sainz,https://media.formula1.com/d_driver_fallback_image.png/content/dam/fom-website/drivers/C/CARSAI01_Carlos_Sainz/carsai01.png.transform/1col/image.png,
,27,,0.0,False,False,True,,,1257,10014,1257,10014,N HULKENBERG,Nico HULKENBERG,HUL,Kick Sauber,52E252,Nico,Hulkenberg,https://media.formula1.com/d_driver_fallback_image.png/content/dam/fom-website/drivers/N/NICHUL01_Nico_Hulkenberg/nichul01.png.transform/1col/image.png,
1.0,81,50.0,25.0,False,False,False,4866.758,0,1258,10022,1258,10022,O PIASTRI,Oscar PIASTRI,PIA,McLaren,FF8000,Oscar,Piastri,https://media.formula1.com/d_driver_fallback_image.png/content/dam/fom-website/drivers/O/OSCPIA01_Oscar_Piastri/oscpia01.png.transform/1col/image.png,
2.0,1,50.0,18.0,False,False,False,4869.601,2.843,1258,10022,1258,10022,M VERSTAPPEN,Max VERSTAPPEN,VER,Red Bull Racing,3671C6,Max,Verstappen,https://media.formula1.com/d_driver_fallback_image.png/content/dam/fom-website/drivers/M/MAXVER01_Max_Verstappen/maxver01.png.transform/1col/image.png,
3.0,16,50.0,15.0,False,False,False,4874.862,8.104,1258,10022,1258,10022,C LECLERC,Charles LECLERC,LEC,Ferrari,E80020,Charles,Leclerc,https://media.formula1.com/d_driver_fallback_image.png/content/dam/fom-website/drivers/C/CHALEC01_Charles_Leclerc/chalec01.png.transform/1col/image.png,
4.0,4,50.0,12.0,False,False,False,4875.954,9.196,1258,10022,1258,10022,L NORRIS,Lando NORRIS,NOR,McLaren,FF8000,Lando,Norris,https://media.formula1.com/d_driver_fallback_image.png/content/dam/fom-website/drivers/L/LANNOR01_Lando_Norris/lannor01.png.transform/1col/image.png,
5.0,63,50.0,10.0,False,False,False,4893.994,27.236,1258,10022,1258,10022,G RUSSELL,George RUSSELL,RUS,Mercedes,27F4D2,George,Russell,https://media.formula1.com/d_driver_fallback_image.png/content/dam/fom-website/drivers/G/GEORUS01_George_Russell/georus01.png.transform/1col/image.png,
6.0,12,50.0,8.0,False,False,False,4901.446,34.688,1258,10022,1258,10022,K ANTONELLI,Kimi ANTONELLI,ANT,Mercedes,27F4D2,Kimi,Antonelli,https://media.formula1.com/d_driver_fallback_image.png/content/dam/fom-website/drivers/A/ANDANT01_Andrea%20Kimi_Antonelli/andant01.png.transform/1col/image.png,
7.0,44,50.0,6.0,False,False,False,4905.831,39.073,1258,10022,1258,10022,L HAMILTON,Lewis HAMILTON,HAM,Ferrari,E80020,Lewis,Hamilton,https://media.formula1.com/d_driver_fallback_image.png/content/dam/fom-website/drivers/L/LEWHAM01_Lewis_Hamilton/lewham01.png.transform/1col/image.png,
8.0,55,50.0,4.0,False,False,False,4931.388,64.63,1258,10022,1258,10022,C SAINZ,Carlos SAINZ,SAI,Williams,64C4FF,Carlos,Sainz,https://media.formula1.com/d_driver_fallback_image.png/content/dam/fom-website/drivers/C/CARSAI01_Carlos_Sainz/carsai01.png.transform/1col/image.png,
9.0,23,50.0,2.0,False,False,False,4933.273,66.515,1258,10022,1258,10022,A ALBON,Alexander ALBON,ALB,Williams,64C4FF,Alexander,Albon,https://media.formula1.com/d_driver_fallback_image.png/content/dam/fom-website/drivers/A/ALEALB01_Alexander_Albon/alealb01.png.transform/1col/image.png,
10.0,6,50.0,1.0,False,False,False,4933.849,67.091,1258,10022,1258,10022,I HADJAR,Isack HADJAR,HAD,Racing Bulls,6692FF,Isack,Hadjar,https://media.formula1.com/d_driver_fallback_image.png/content/dam/fom-website/drivers/I/ISAHAD01_Isack_Hadjar/isahad01.png.transform/1col/image.png,
11.0,14,50.0,0.0,False,False,False,4942.675,75.917,1258,10022,1258,10022,F ALONSO,Fernando ALONSO,ALO,Aston Martin,229971,Fernando,Alonso,https://media.formula1.com/d_driver_fallback_image.png/content/dam/fom-website/drivers/F/FERALO01_Fernando_Alonso/feralo01.png.transform/1col/image.png,
12.0,30,50.0,0.0,False,False,False,4945.209,78.451,1258,10022,1258,10022,L LAWSON,Liam LAWSON,LAW,Racing Bulls,6692FF,Liam,Lawson,https://media.formula1.com/d_driver_fallback_image.png/content/dam/fom-website/drivers/L/LIALAW01_Liam_Lawson/lialaw01.png.transform/1col/image.png,
13.0,87,50.0,0.0,False,False,False,4945.952,79.194,1258,10022,1258,10022,O BEARMAN,Oliver BEARMAN,BEA,Haas F1 Team,B6BABD,Oliver,Bearman,https://media.formula1.com/d_driver_fallback_image.png/content/dam/fom-website/drivers/O/OLIBEA01_Oliver_Bearman/olibea01.png.transform/1col/image.png,
14.0,31,50.0,0.0,False,False,False,4966.481,99.723,1258,10022,1258,10022,E OCON,Esteban OCON,OCO,Haas F1 Team,B6BABD,Esteban,Ocon,https://media.formula1.com/d_driver_fallback_image.png/content/dam/fom-website/drivers/E/ESTOCO01_Esteban_Ocon/estoco01.png.transform/1col/image.png,
15.0,27,49.0,0.0,False,False,False,,+1 LAP,1258,10022,1258,10022,N HULKENBERG,Nico HULKENBERG,HUL,Kick Sauber,52E252,Nico,Hulkenberg,https://media.formula1.com/d_driver_fallback_image.png/content/dam/fom-website/drivers/N/NICHUL01_Nico_Hulkenberg/nichul01.png.transform/1col/image.png,
16.0,18,49.0,0.0,False,False,False,,+1 LAP,1258,10022,1258,10022,L STROLL,Lance STROLL,STR,Aston Martin,229971,Lance,Stroll,https://media.formula1.com/d_driver_fallback_image.png/content/dam/fom-website/drivers/L/LANSTR01_Lance_Stroll/lanstr01.png.transform/1col/image.png,
17.0,7,49.0,0.0,False,False,False,,+1 LAP,1258,10022,1258,10022,J DOOHAN,Jack DOOHAN,DOO,Alpine,0093CC,Jack,Doohan,https://media.formula1.com/d_driver_fallback_image.png/content/dam/fom-website/drivers/J/JACDOO01_Jack_Doohan/jacdoo01.png.transform/1col/image.png,
18.0,5,49.0,0.0,False,False,False,,+1 LAP,1258,10022,1258,10022,G BORTOLETO,Gabriel BORTOLETO,BOR,Kick Sauber,52E252,Gabriel,Bortoleto,https://media.formula1.com/d_driver_fallback_image.png/content/dam/fom-website/drivers/G/GABBOR01_Gabriel_Bortoleto/gabbor01.png.transform/1col/image.png,
,22,1.0,0.0,True,False,False,,,1258,10022,1258,10022,Y TSUNODA,Yuki TSUNODA,TSU,Red Bull Racing,3671C6,Yuki,Tsunoda,https://media.formula1.com/d_driver_fallback_image.png/content/dam/fom-website/drivers/Y/YUKTSU01_Yuki_Tsunoda/yuktsu01.png.transform/1col/image.png,
,10,0.0,0.0,True,False,False,,,1258,10022,1258,10022,P GASLY,Pierre GASLY,GAS,Alpine,0093CC,Pierre,Gasly,https://media.formula1.com/d_driver_fallback_image.png/content/dam/fom-website/drivers/P/PIEGAS01_Pierre_Gasly/piegas01.png.transform/1col/image.png,
1.0,81,57.0,25.0,False,False,False,5331.587,0,1259,10033,1259,10033,O PIASTRI,Oscar PIASTRI,PIA,McLaren,FF8000,Oscar,Piastri,https://media.formula1.com/d_driver_fallback_image.png/content/dam/fom-website/drivers/O/OSCPIA01_Oscar_Piastri/oscpia01.png.transform/1col/image.png,
2.0,4,57.0,18.0,False,False,False,5336.217,4.63,1259,10033,1259,10033,L NORRIS,Lando NORRIS,NOR,McLaren,FF8000,Lando,Norris,https://media.formula1.com/d_driver_fallback_image.png/content/dam/fom-website/drivers/L/LANNOR01_Lando_Norris/lannor01.png.transform/1col/image.png,
3.0,63,57.0,15.0,False,False,False,5369.231,37.644,1259,10033,1259,10033,G RUSSELL,George RUSSELL,RUS,Mercedes,27F4D2,George,Russell,https://media.formula1.com/d_driver_fallback_image.png/content/dam/fom-website/drivers/G/GEORUS01_George_Russell/georus01.png.transform/1col/image.png,
4.0,1,57.0,12.0,False,False,False,5371.543,39.956,1259,10033,1259,10033,M VERSTAPPEN,Max VERSTAPPEN,VER,Red Bull Racing,3671C6,Max,Verstappen,https://media.formula1.com/d_driver_fallback_image.png/content/dam/fom-website/drivers/M/MAXVER01_Max_Verstappen/maxver01.png.transform/1col/image.png,
5.0,23,57.0,10.0,False,False,False,5379.654,48.067,1259,10033,1259,10033,A ALBON,Alexander ALBON,ALB,Williams,64C4FF,Alexander,Albon,https://media.formula1.com/d_driver_fallback_image.png/content/dam/fom-website/drivers/A/ALEALB01_Alexander_Albon/alealb01.png.transform/1col/image.png,
6.0,12,57.0,8.0,False,False,False,5387.089,55.502,1259,10033,1259,10033,K ANTONELLI,Kimi ANTONELLI,ANT,Mercedes,27F4D2,Kimi,Antonelli,https://media.formula1.com/d_driver_fallback_image.png/content/dam/fom-website/drivers/A/ANDANT01_Andrea%20Kimi_Antonelli/andant01.png.transform/1col/image.png,
7.0,16,57.0,6.0,False,False,False,5388.623,57.036,1259,10033,1259,10033,C LECLERC,Charles LECLERC,LEC,Ferrari,E80020,Charles,Leclerc,https://media.formula1.com/d_driver_fallback_image.png/content/dam/fom-website/drivers/C/CHALEC01_Charles_Leclerc/chalec01.png.transform/1col/image.png,
8.0,44,57.0,4.0,False,False,False,5391.773,60.186,1259,10033,1259,10033,L HAMILTON,Lewis HAMILTON,HAM,Ferrari,E80020,Lewis,Hamilton,https://media.formula1.com/d_driver_fallback_image.png/content/dam/fom-website/drivers/L/LEWHAM01_Lewis_Hamilton/lewham01.png.transform/1col/image.png,
9.0,55,57.0,2.0,False,False,False,5392.164,60.577,1259,10033,1259,10033,C SAINZ,Carlos SAINZ,SAI,Williams,64C4FF,Carlos,Sainz,https://media.formula1.com/d_driver_fallback_image.png/content/dam/fom-website/drivers/C/CARSAI01_Carlos_Sainz/carsai01.png.transform/1col/image.png,
10.0,22,57.0,1.0,False,False,False,5406.021,74.434,1259,10033,1259,10033,Y TSUNODA,Yuki TSUNODA,TSU,Red Bull Racing,3671C6,Yuki,Tsunoda,https://media.formula1.com/d_driver_fallback_image.png/content/dam/fom-website/drivers/Y/YUKTSU01_Yuki_Tsunoda/yuktsu01.png.transform/1col/image.png,
11.0,6,57.0,0.0,False,False,False,5406.189,74.602,1259,10033,1259,10033,I HADJAR,Isack HADJAR,HAD,Racing Bulls,6692FF,Isack,Hadjar,https://media.formula1.com/d_driver_fallback_image.png/content/dam/fom-website/drivers/I/ISAHAD01_Isack_Hadjar/isahad01.png.transform/1col/image.png,
12.0,31,57.0,0.0,False,False,False,5413.593,82.006,1259,10033,1259,10033,E OCON,Esteban OCON,OCO,Haas F1 Team,B6BABD,Esteban,Ocon,https://media.formula1.com/d_driver_fallback_image.png/content/dam/fom-website/drivers/E/ESTOCO01_Esteban_Ocon/estoco01.png.transform/1col/image.png,
13.0,10,57.0,0.0,False,False,False,5422.032,90.445,1259,10033,1259,10033,P GASLY,Pierre GASLY,GAS,Alpine,0093CC,Pierre,Gasly,https://media.formula1.com/d_driver_fallback_image.png/content/dam/fom-website/drivers/P/PIEGAS01_Pierre_Gasly/piegas01.png.transform/1col/image.png,
14.0,27,56.0,0.0,False,False,False,,+1 LAP,1259,10033,1259,10033,N HULKENBERG,Nico HULKENBERG,HUL,Kick Sauber,52E252,Nico,Hulkenberg,https://media.formula1.com/d_driver_fallback_image.png/content/dam/fom-website/drivers/N/NICHUL01_Nico_Hulkenberg/nichul01.png.transform/1col/image.png,
15.0,14,56.0,0.0,False,False,False,,+1 LAP,1259,10033,1259,10033,F ALONSO,Fernando ALONSO,ALO,Aston Martin,229971,Fernando,Alonso,https://media.formula1.com/d_driver_fallback_image.png/content/dam/fom-website/drivers/F/FERALO01_Fernando_Alonso/feralo01.png.transform/1col/image.png,
16.0,18,56.0,0.0,False,False,False,,+1 LAP,1259,10033,1259,10033,L STROLL,Lance STROLL,STR,Aston Martin,229971,Lance,Stroll,https://media.formula1.com/d_driver_fallback_image.png/content/dam/fom-website/drivers/L/LANSTR01_Lance_Stroll/lanstr01.png.transform/1col/image.png,
,30,36.0,0.0,True,False,False,,,1259,10033,1259,10033,L LAWSON,Liam LAWSON,LAW,Racing Bulls,6692FF,Liam,Lawson,https://media.formula1.com/d_driver_fallback_image.png/content/dam/fom-website/drivers/L/LIALAW01_Liam_Lawson/lialaw01.png.transform/1col/image.png,
,5,30.0,0.0,True,False,False,,,1259,10033,1259,10033,G BORTOLETO,Gabriel BORTOLETO,BOR,Kick Sauber,52E252,Gabriel,Bortoleto,https://media.formula1.com/d_driver_fallback_image.png/content/dam/fom-website/drivers/G/GABBOR01_Gabriel_Bortoleto/gabbor01.png.transform/1col/image.png,
,87,27.0,0.0,True,False,False,,,1259,10033,1259,10033,O BEARMAN,Oliver BEARMAN,BEA,Haas F1 Team,B6BABD,Oliver,Bearman,https://media.formula1.com/d_driver_fallback_image.png/content/dam/fom-website/drivers/O/OLIBEA01_Oliver_Bearman/olibea01.png.transform/1col/image.png,
,7,0.0,0.0,True,False,False,,,1259,10033,1259,10033,J DOOHAN,Jack DOOHAN,DOO,Alpine,0093CC,Jack,Doohan,https://media.formula1.com/d_driver_fallback_image.png/content/dam/fom-website/drivers/J/JACDOO01_Jack_Doohan/jacdoo01.png.transform/1col/image.png,
1.0,1,63.0,25.0,False,False,False,5493.199,0.0,1260,9987,1260,9987,M VERSTAPPEN,Max VERSTAPPEN,VER,Red Bull Racing,3671C6,Max,Verstappen,https://media.formula1.com/d_driver_fallback_image.png/content/dam/fom-website/drivers/M/MAXVER01_Max_Verstappen/maxver01.png.transform/1col/image.png,
2.0,4,63.0,18.0,False,False,False,5499.308,6.109,1260,9987,1260,9987,L NORRIS,Lando NORRIS,NOR,McLaren,FF8000,Lando,Norris,https://media.formula1.com/d_driver_fallback_image.png/content/dam/fom-website/drivers/L/LANNOR01_Lando_Norris/lannor01.png.transform/1col/image.png,
3.0,81,63.0,15.0,False,False,False,5506.155,12.956,1260,9987,1260,9987,O PIASTRI,Oscar PIASTRI,PIA,McLaren,FF8000,Oscar,Piastri,https://media.formula1.com/d_driver_fallback_image.png/content/dam/fom-website/drivers/O/OSCPIA01_Oscar_Piastri/oscpia01.png.transform/1col/image.png,
4.0,44,63.0,12.0,False,False,False,5507.555,14.356,1260,9987,1260,9987,L HAMILTON,Lewis HAMILTON,HAM,Ferrari,E80020,Lewis,Hamilton,https://media.formula1.com/d_driver_fallback_image.png/content/dam/fom-website/drivers/L/LEWHAM01_Lewis_Hamilton/lewham01.png.transform/1col/image.png,
5.0,23,63.0,10.0,False,False,False,5511.144,17.945,1260,9987,1260,9987,A ALBON,Alexander ALBON,ALB,Williams,64C4FF,Alexander,Albon,https://media.formula1.com/d_driver_fallback_image.png/content/dam/fom-website/drivers/A/ALEALB01_Alexander_Albon/alealb01.png.transform/1col/image.png,
6.0,16,63.0,8.0,False,False,False,5513.973,20.774,1260,9987,1260,9987,C LECLERC,Charles LECLERC,LEC,Ferrari,E80020,Charles,Leclerc,https://media.formula1.com/d_driver_fallback_image.png/content/dam/fom-website/drivers/C/CHALEC01_Charles_Leclerc/chalec01.png.transform/1col/image.png,
7.0,63,63.0,6.0,False,False,False,5515.233,22.034,1260,9987,1260,9987,G RUSSELL,George RUSSELL,RUS,Mercedes,27F4D2,George,Russell,https://media.formula1.com/d_driver_fallback_image.png/content/dam/fom-website/drivers/G/GEORUS01_George_Russell/georus01.png.transform/1col/image.png,
8.0,55,63.0,4.0,False,False,False,5516.097,22.898,1260,9987,1260,9987,C SAINZ,Carlos SAINZ,SAI,Williams,64C4FF,Carlos,Sainz,https://media.formula1.com/d_driver_fallback_image.png/content/dam/fom-website/drivers/C/CARSAI01_Carlos_Sainz/carsai01.png.transform/1col/image.png,
9.0,6,63.0,2.0,False,False,False,5516.785,23.586,1260,9987,1260,9987,I HADJAR,Isack HADJAR,HAD,Racing Bulls,6692FF,Isack,Hadjar,https://media.formula1.com/d_driver_fallback_image.png/content/dam/fom-website/drivers/I/ISAHAD01_Isack_Hadjar/isahad01.png.transform/1col/image.png,
10.0,22,63.0,1.0,False,False,False,5519.645,26.446,1260,9987,1260,9987,Y TSUNODA,Yuki TSUNODA,TSU,Red Bull Racing,3671C6,Yuki,Tsunoda,https://media.formula1.com/d_driver_fallback_image.png/content/dam/fom-website/drivers/Y/YUKTSU01_Yuki_Tsunoda/yuktsu01.png.transform/1col/image.png,
11.0,14,63.0,0.0,False,False,False,5520.449,27.25,1260,9987,1260,9987,F ALONSO,Fernando ALONSO,ALO,Aston Martin,229971,Fernando,Alonso,https://media.formula1.com/d_driver_fallback_image.png/content/dam/fom-website/drivers/F/FERALO01_Fernando_Alonso/feralo01.png.transform/1col/image.png,
12.0,27,63.0,0.0,False,False,False,5523.495,30.296,1260,9987,1260,9987,N HULKENBERG,Nico HULKENBERG,HUL,Kick Sauber,52E252,Nico,Hulkenberg,https://media.formula1.com/d_driver_fallback_image.png/content/dam/fom-website/drivers/N/NICHUL01_Nico_Hulkenberg/nichul01.png.transform/1col/image.png,
13.0,10,63.0,0.0,False,False,False,5524.623,31.424,1260,9987,1260,9987,P GASLY,Pierre GASLY,GAS,Alpine,0093CC,Pierre,Gasly,https://media.formula1.com/d_driver_fallback_image.png/content/dam/fom-website/drivers/P/PIEGAS01_Pierre_Gasly/piegas01.png.transform/1col/image.png,
14.0,30,63.0,0.0,False,False,False,5525.71,32.511,1260,9987,1260,9987,L LAWSON,Liam LAWSON,LAW,Racing Bulls,6692FF,Liam,Lawson,https://media.formula1.com/d_driver_fallback_image.png/content/dam/fom-website/drivers/L/LIALAW01_Liam_Lawson/lialaw01.png.transform/1col/image.png,
15.0,18,63.0,0.0,False,False,False,5526.192,32.993,1260,9987,1260,9987,L STROLL,Lance STROLL,STR,Aston Martin,229971,Lance,Stroll,https://media.formula1.com/d_driver_fallback_image.png/content/dam/fom-website/drivers/L/LANSTR01_Lance_Stroll/lanstr01.png.transform/1col/image.png,
16.0,43,63.0,0.0,False,False,False,5526.61,33.411,1260,9987,1260,9987,F COLAPINTO,Franco COLAPINTO,COL,Alpine,0093CC,Franco,Colapinto,,
17.0,87,63.0,0.0,False,False,False,5527.007,33.808,1260,9987,1260,9987,O BEARMAN,Oliver BEARMAN,BEA,Haas F1 Team,B6BABD,Oliver,Bearman,https://media.formula1.com/d_driver_fallback_image.png/content/dam/fom-website/drivers/O/OLIBEA01_Oliver_Bearman/olibea01.png.transform/1col/image.png,
18.0,5,63.0,0.0,False,False,False,5531.771,38.572,1260,9987,1260,9987,G BORTOLETO,Gabriel BORTOLETO,BOR,Kick Sauber,52E252,Gabriel,Bortoleto,https://media.formula1.com/d_driver_fallback_image.png/content/dam/fom-website/drivers/G/GABBOR01_Gabriel_Bortoleto/gabbor01.png.transform/1col/image.png,
,12,44.0,0.0,True,False,False,,,1260,9987,1260,9987,K ANTONELLI,Kimi ANTONELLI,ANT,Mercedes,27F4D2,Kimi,Antonelli,https://media.formula1.com/d_driver_fallback_image.png/content/dam/fom-website/drivers/A/ANDANT01_Andrea%20Kimi_Antonelli/andant01.png.transform/1col/image.png,
,31,27.0,0.0,True,False,False,,,1260,9987,1260,9987,E OCON,Esteban OCON,OCO,Haas F1 Team,B6BABD,Esteban,Ocon,https://media.formula1.com/d_driver_fallback_image.png/content/dam/fom-website/drivers/E/ESTOCO01_Esteban_Ocon/estoco01.png.transform/1col/image.png,
1.0,4,78.0,25.0,False,False,False,6033.843,0,1261,9979,1261,9979,L NORRIS,Lando NORRIS,NOR,McLaren,F47600,Lando,Norris,https://media.formula1.com/d_driver_fallback_image.png/content/dam/fom-website/drivers/L/LANNOR01_Lando_Norris/lannor01.png.transform/1col/image.png,
2.0,16,78.0,18.0,False,False,False,6036.974,3.131,1261,9979,1261,9979,C LECLERC,Charles LECLERC,LEC,Ferrari,ED1131,Charles,Leclerc,https://media.formula1.com/d_driver_fallback_image.png/content/dam/fom-website/drivers/C/CHALEC01_Charles_Leclerc/chalec01.png.transform/1col/image.png,
3.0,81,78.0,15.0,False,False,False,6037.501,3.658,1261,9979,1261,9979,O PIASTRI,Oscar PIASTRI,PIA,McLaren,F47600,Oscar,Piastri,https://media.formula1.com/d_driver_fallback_image.png/content/dam/fom-website/drivers/O/OSCPIA01_Oscar_Piastri/oscpia01.png.transform/1col/image.png,
4.0,1,78.0,12.0,False,False,False,6054.415,20.572,1261,9979,1261,9979,M VERSTAPPEN,Max VERSTAPPEN,VER,Red Bull Racing,4781D7,Max,Verstappen,https://media.formula1.com/d_driver_fallback_image.png/content/dam/fom-website/drivers/M/MAXVER01_Max_Verstappen/maxver01.png.transform/1col/image.png,
5.0,44,78.0,10.0,False,False,False,6085.23,51.387,1261,9979,1261,9979,L HAMILTON,Lewis HAMILTON,HAM,Ferrari,ED1131,Lewis,Hamilton,https://media.formula1.com/d_driver_fallback_image.png/content/dam/fom-website/drivers/L/LEWHAM01_Lewis_Hamilton/lewham01.png.transform/1col/image.png,
6.0,6,77.0,8.0,False,False,False,,+1 LAP,1261,9979,1261,9979,I HADJAR,Isack HADJAR,HAD,Racing Bulls,6C98FF,Isack,Hadjar,https://media.formula1.com/d_driver_fallback_image.png/content/dam/fom-website/drivers/I/ISAHAD01_Isack_Hadjar/isahad01.png.transform/1col/image.png,
7.0,31,77.0,6.0,False,False,False,,+1 LAP,1261,9979,1261,9979,E OCON,Esteban OCON,OCO,Haas F1 Team,9C9FA2,Esteban,Ocon,https://media.formula1.com/d_driver_fallback_image.png/content/dam/fom-website/drivers/E/ESTOCO01_Esteban_Ocon/estoco01.png.transform/1col/image.png,
8.0,30,77.0,4.0,False,False,False,,+1 LAP,1261,9979,1261,9979,L LAWSON,Liam LAWSON,LAW,Racing Bulls,6C98FF,Liam,Lawson,https://media.formula1.com/d_driver_fallback_image.png/content/dam/fom-website/drivers/L/LIALAW01_Liam_Lawson/lialaw01.png.transform/1col/image.png,
9.0,23,76.0,2.0,False,False,False,,+2 LAPS,1261,9979,1261,9979,A ALBON,Alexander ALBON,ALB,Williams,1868DB,Alexander,Albon,https://media.formula1.com/d_driver_fallback_image.png/content/dam/fom-website/drivers/A/ALEALB01_Alexander_Albon/alealb01.png.transform/1col/image.png,
10.0,55,76.0,1.0,False,False,False,,+2 LAPS,1261,9979,1261,9979,C SAINZ,Carlos SAINZ,SAI,Williams,1868DB,Carlos,Sainz,https://media.formula1.com/d_driver_fallback_image.png/content/dam/fom-website/drivers/C/CARSAI01_Carlos_Sainz/carsai01.png.transform/1col/image.png,
11.0,63,76.0,0.0,False,False,False,,+2 LAPS,1261,9979,1261,9979,G RUSSELL,George RUSSELL,RUS,Mercedes,00D7B6,George,Russell,https://media.formula1.com/d_driver_fallback_image.png/content/dam/fom-website/drivers/G/GEORUS01_George_Russell/georus01.png.transform/1col/image.png,
12.0,87,76.0,0.0,False,False,False,,+2 LAPS,1261,9979,1261,9979,O BEARMAN,Oliver BEARMAN,BEA,Haas F1 Team,9C9FA2,Oliver,Bearman,https://media.formula1.com/d_driver_fallback_image.png/content/dam/fom-website/drivers/O/OLIBEA01_Oliver_Bearman/olibea01.png.transform/1col/image.png,
13.0,43,76.0,0.0,False,False,False,,+2 LAPS,1261,9979,1261,9979,F COLAPINTO,Franco COLAPINTO,COL,Alpine,00A1E8,Franco,Colapinto,,
14.0,5,76.0,0.0,False,False,False,,+2 LAPS,1261,9979,1261,9979,G BORTOLETO,Gabriel BORTOLETO,BOR,Kick Sauber,01C00E,Gabriel,Bortoleto,https://media.formula1.com/d_driver_fallback_image.png/content/dam/fom-website/drivers/G/GABBOR01_Gabriel_Bortoleto/gabbor01.png.transform/1col/image.png,
15.0,18,76.0,0.0,False,False,False,,+2 LAPS,1261,9979,1261,9979,L STROLL,Lance STROLL,STR,Aston Martin,229971,Lance,Stroll,https://media.formula1.com/d_driver_fallback_image.png/content/dam/fom-website/drivers/L/LANSTR01_Lance_Stroll/lanstr01.png.transform/1col/image.png,
16.0,27,76.0,0.0,False,False,False,,+2 LAPS,1261,9979,1261,9979,N HULKENBERG,Nico HULKENBERG,HUL,Kick Sauber,01C00E,Nico,Hulkenberg,https://media.formula1.com/d_driver_fallback_image.png/content/dam/fom-website/drivers/N/NICHUL01_Nico_Hulkenberg/nichul01.png.transform/1col/image.png,
17.0,22,76.0,0.0,False,False,False,,+2 LAPS,1261,9979,1261,9979,Y TSUNODA,Yuki TSUNODA,TSU,Red Bull Racing,4781D7,Yuki,Tsunoda,https://media.formula1.com/d_driver_fallback_image.png/content/dam/fom-website/drivers/Y/YUKTSU01_Yuki_Tsunoda/yuktsu01.png.transform/1col/image.png,
18.0,12,75.0,0.0,False,False,False,,+3 LAPS,1261,9979,1261,9979,K ANTONELLI,Kimi ANTONELLI,ANT,Mercedes,00D7B6,Kimi,Antonelli,https://media.formula1.com/d_driver_fallback_image.png/content/dam/fom-website/drivers/A/ANDANT01_Andrea%20Kimi_Antonelli/andant01.png.transform/1col/image.png,
,14,36.0,0.0,True,False,False,,,1261,9979,1261,9979,F ALONSO,Fernando ALONSO,ALO,Aston Martin,229971,Fernando,Alonso,https://media.formula1.com/d_driver_fallback_image.png/content/dam/fom-website/drivers/F/FERALO01_Fernando_Alonso/feralo01.png.transform/1col/image.png,
,10,7.0,0.0,True,False,False,,,1261,9979,1261,9979,P GASLY,Pierre GASLY,GAS,Alpine,00A1E8,Pierre,Gasly,https://media.formula1.com/d_driver_fallback_image.png/content/dam/fom-website/drivers/P/PIEGAS01_Pierre_Gasly/piegas01.png.transform/1col/image.png,
1.0,81,66.0,25.0,False,False,False,5577.375,0.0,1262,9971,1262,9971,O PIASTRI,Oscar PIASTRI,PIA,McLaren,F47600,Oscar,Piastri,https://media.formula1.com/d_driver_fallback_image.png/content/dam/fom-website/drivers/O/OSCPIA01_Oscar_Piastri/oscpia01.png.transform/1col/image.png,
2.0,4,66.0,18.0,False,False,False,5579.846,2.471,1262,9971,1262,9971,L NORRIS,Lando NORRIS,NOR,McLaren,F47600,Lando,Norris,https://media.formula1.com/d_driver_fallback_image.png/content/dam/fom-website/drivers/L/LANNOR01_Lando_Norris/lannor01.png.transform/1col/image.png,
3.0,16,66.0,15.0,False,False,False,5587.83,10.455,1262,9971,1262,9971,C LECLERC,Charles LECLERC,LEC,Ferrari,ED1131,Charles,Leclerc,https://media.formula1.com/d_driver_fallback_image.png/content/dam/fom-website/drivers/C/CHALEC01_Charles_Leclerc/chalec01.png.transform/1col/image.png,
4.0,63,66.0,12.0,False,False,False,5588.734,11.359,1262,9971,1262,9971,G RUSSELL,George RUSSELL,RUS,Mercedes,00D7B6,George,Russell,https://media.formula1.com/d_driver_fallback_image.png/content/dam/fom-website/drivers/G/GEORUS01_George_Russell/georus01.png.transform/1col/image.png,
5.0,27,66.0,10.0,False,False,False,5591.023,13.648,1262,9971,1262,9971,N HULKENBERG,Nico HULKENBERG,HUL,Kick Sauber,01C00E,Nico,Hulkenberg,https://media.formula1.com/d_driver_fallback_image.png/content/dam/fom-website/drivers/N/NICHUL01_Nico_Hulkenberg/nichul01.png.transform/1col/image.png,
6.0,44,66.0,8.0,False,False,False,5592.883,15.508,1262,9971,1262,9971,L HAMILTON,Lewis HAMILTON,HAM,Ferrari,ED1131,Lewis,Hamilton,https://media.formula1.com/d_driver_fallback_image.png/content/dam/fom-website/drivers/L/LEWHAM01_Lewis_Hamilton/lewham01.png.transform/1col/image.png,
7.0,6,66.0,6.0,False,False,False,5593.397,16.022,1262,9971,1262,9971,I HADJAR,Isack HADJAR,HAD,Racing Bulls,6C98FF,Isack,Hadjar,https://media.formula1.com/d_driver_fallback_image.png/content/dam/fom-website/drivers/I/ISAHAD01_Isack_Hadjar/isahad01.png.transform/1col/image.png,
8.0,10,66.0,4.0,False,False,False,5595.257,17.882,1262,9971,1262,9971,P GASLY,Pierre GASLY,GAS,Alpine,00A1E8,Pierre,Gasly,https://media.formula1.com/d_driver_fallback_image.png/content/dam/fom-website/drivers/P/PIEGAS01_Pierre_Gasly/piegas01.png.transform/1col/image.png,
9.0,14,66.0,2.0,False,False,False,5598.939,21.564,1262,9971,1262,9971,F ALONSO,Fernando ALONSO,ALO,Aston Martin,229971,Fernando,Alonso,https://media.formula1.com/d_driver_fallback_image.png/content/dam/fom-website/drivers/F/FERALO01_Fernando_Alonso/feralo01.png.transform/1col/image.png,
10.0,1,66.0,1.0,False,False,False,5599.201,21.826,1262,9971,1262,9971,M VERSTAPPEN,Max VERSTAPPEN,VER,Red Bull Racing,4781D7,Max,Verstappen,https://media.formula1.com/d_driver_fallback_image.png/content/dam/fom-website/drivers/M/MAXVER01_Max_Verstappen/maxver01.png.transform/1col/image.png,
11.0,30,66.0,0.0,False,False,False,5602.907,25.532,1262,9971,1262,9971,L LAWSON,Liam LAWSON,LAW,Racing Bulls,6C98FF,Liam,Lawson,https://media.formula1.com/d_driver_fallback_image.png/content/dam/fom-website/drivers/L/LIALAW01_Liam_Lawson/lialaw01.png.transform/1col/image.png,
12.0,5,66.0,0.0,False,False,False,5603.371,25.996,1262,9971,1262,9971,G BORTOLETO,Gabriel BORTOLETO,BOR,Kick Sauber,01C00E,Gabriel,Bortoleto,https://media.formula1.com/d_driver_fallback_image.png/content/dam/fom-website/drivers/G/GABBOR01_Gabriel_Bortoleto/gabbor01.png.transform/1col/image.png,
13.0,22,66.0,0.0,False,False,False,5606.197,28.822,1262,9971,1262,9971,Y TSUNODA,Yuki TSUNODA,TSU,Red Bull Racing,4781D7,Yuki,Tsunoda,https://media.formula1.com/d_driver_fallback_image.png/content/dam/fom-website/drivers/Y/YUKTSU01_Yuki_Tsunoda/yuktsu01.png.transform/1col/image.png,
14.0,55,66.0,0.0,False,False,False,5606.684,29.309,1262,9971,1262,9971,C SAINZ,Carlos SAINZ,SAI,Williams,1868DB,Carlos,Sainz,https://media.formula1.com/d_driver_fallback_image.png/content/dam/fom-website/drivers/C/CARSAI01_Carlos_Sainz/carsai01.png.transform/1col/image.png,
15.0,43,66.0,0.0,False,False,False,5608.756,31.381,1262,9971,1262,9971,F COLAPINTO,Franco COLAPINTO,COL,Alpine,00A1E8,Franco,Colapinto,,
16.0,31,66.0,0.0,False,False,False,5609.572,32.197,1262,9971,1262,9971,E OCON,Esteban OCON,OCO,Haas F1 Team,9C9FA2,Esteban,Ocon,https://media.formula1.com/d_driver_fallback_image.png/content/dam/fom-website/drivers/E/ESTOCO01_Esteban_Ocon/estoco01.png.transform/1col/image.png,
17.0,87,66.0,0.0,False,False,False,5614.44,37.065,1262,9971,1262,9971,O BEARMAN,Oliver BEARMAN,BEA,Haas F1 Team,9C9FA2,Oliver,Bearman,https://media.formula1.com/d_driver_fallback_image.png/content/dam/fom-website/drivers/O/OLIBEA01_Oliver_Bearman/olibea01.png.transform/1col/image.png,
,12,53.0,0.0,True,False,False,,,1262,9971,1262,9971,K ANTONELLI,Kimi ANTONELLI,ANT,Mercedes,00D7B6,Kimi,Antonelli,https://media.formula1.com/d_driver_fallback_image.png/content/dam/fom-website/drivers/A/ANDANT01_Andrea%20Kimi_Antonelli/andant01.png.transform/1col/image.png,
,23,27.0,0.0,True,False,False,,,1262,9971,1262,9971,A ALBON,Alexander ALBON,ALB,Williams,1868DB,Alexander,Albon,https://media.formula1.com/d_driver_fallback_image.png/content/dam/fom-website/drivers/A/ALEALB01_Alexander_Albon/alealb01.png.transform/1col/image.png,
1.0,63,70.0,25.0,False,False,False,5512.688,0,1263,9963,1263,9963,G RUSSELL,George RUSSELL,RUS,Mercedes,00D7B6,George,Russell,https://media.formula1.com/d_driver_fallback_image.png/content/dam/fom-website/drivers/G/GEORUS01_George_Russell/georus01.png.transform/1col/image.png,
2.0,1,70.0,18.0,False,False,False,5512.916,0.228,1263,9963,1263,9963,M VERSTAPPEN,Max VERSTAPPEN,VER,Red Bull Racing,4781D7,Max,Verstappen,https://media.formula1.com/d_driver_fallback_image.png/content/dam/fom-website/drivers/M/MAXVER01_Max_Verstappen/maxver01.png.transform/1col/image.png,
3.0,12,70.0,15.0,False,False,False,5513.702,1.014,1263,9963,1263,9963,K ANTONELLI,Kimi ANTONELLI,ANT,Mercedes,00D7B6,Kimi,Antonelli,https://media.formula1.com/d_driver_fallback_image.png/content/dam/fom-website/drivers/A/ANDANT01_Andrea%20Kimi_Antonelli/andant01.png.transform/1col/image.png,
4.0,81,70.0,12.0,False,False,False,5514.797,2.109,1263,9963,1263,9963,O PIASTRI,Oscar PIASTRI,PIA,McLaren,F47600,Oscar,Piastri,https://media.formula1.com/d_driver_fallback_image.png/content/dam/fom-website/drivers/O/OSCPIA01_Oscar_Piastri/oscpia01.png.transform/1col/image.png,
5.0,16,70.0,10.0,False,False,False,5516.13,3.442,1263,9963,1263,9963,C LECLERC,Charles LECLERC,LEC,Ferrari,ED1131,Charles,Leclerc,https://media.formula1.com/d_driver_fallback_image.png/content/dam/fom-website/drivers/C/CHALEC01_Charles_Leclerc/chalec01.png.transform/1col/image.png,
6.0,44,70.0,8.0,False,False,False,5523.401,10.713,1263,9963,1263,9963,L HAMILTON,Lewis HAMILTON,HAM,Ferrari,ED1131,Lewis,Hamilton,https://media.formula1.com/d_driver_fallback_image.png/content/dam/fom-website/drivers/L/LEWHAM01_Lewis_Hamilton/lewham01.png.transform/1col/image.png,
7.0,14,70.0,6.0,False,False,False,5523.66,10.972,1263,9963,1263,9963,F ALONSO,Fernando ALONSO,ALO,Aston Martin,229971,Fernando,Alonso,https://media.formula1.com/d_driver_fallback_image.png/content/dam/fom-website/drivers/F/FERALO01_Fernando_Alonso/feralo01.png.transform/1col/image.png,
8.0,27,70.0,4.0,False,False,False,5528.052,15.364,1263,9963,1263,9963,N HULKENBERG,Nico HULKENBERG,HUL,Kick Sauber,01C00E,Nico,Hulkenberg,https://media.formula1.com/d_driver_fallback_image.png/content/dam/fom-website/drivers/N/NICHUL01_Nico_Hulkenberg/nichul01.png.transform/1col/image.png,
9.0,31,69.0,2.0,False,False,False,,+1 LAP,1263,9963,1263,9963,E OCON,Esteban OCON,OCO,Haas F1 Team,9C9FA2,Esteban,Ocon,https://media.formula1.com/d_driver_fallback_image.png/content/dam/fom-website/drivers/E/ESTOCO01_Esteban_Ocon/estoco01.png.transform/1col/image.png,
10.0,55,69.0,1.0,False,False,False,,+1 LAP,1263,9963,1263,9963,C SAINZ,Carlos SAINZ,SAI,Williams,1868DB,Carlos,Sainz,https://media.formula1.com/d_driver_fallback_image.png/content/dam/fom-website/drivers/C/CARSAI01_Carlos_Sainz/carsai01.png.transform/1col/image.png,
11.0,87,69.0,0.0,False,False,False,,+1 LAP,1263,9963,1263,9963,O BEARMAN,Oliver BEARMAN,BEA,Haas F1 Team,9C9FA2,Oliver,Bearman,https://media.formula1.com/d_driver_fallback_image.png/content/dam/fom-website/drivers/O/OLIBEA01_Oliver_Bearman/olibea01.png.transform/1col/image.png,
12.0,22,69.0,0.0,False,False,False,,+1 LAP,1263,9963,1263,9963,Y TSUNODA,Yuki TSUNODA,TSU,Red Bull Racing,4781D7,Yuki,Tsunoda,https://media.formula1.com/d_driver_fallback_image.png/content/dam/fom-website/drivers/Y/YUKTSU01_Yuki_Tsunoda/yuktsu01.png.transform/1col/image.png,
13.0,43,69.0,0.0,False,False,False,,+1 LAP,1263,9963,1263,9963,F COLAPINTO,Franco COLAPINTO,COL,Alpine,00A1E8,Franco,Colapinto,,
14.0,5,69.0,0.0,False,False,False,,+1 LAP,1263,9963,1263,9963,G BORTOLETO,Gabriel BORTOLETO,BOR,Kick Sauber,01C00E,Gabriel,Bortoleto,https://media.formula1.com/d_driver_fallback_image.png/content/dam/fom-website/drivers/G/GABBOR01_Gabriel_Bortoleto/gabbor01.png.transform/1col/image.png,
15.0,10,69.0,0.0,False,False,False,,+1 LAP,1263,9963,1263,9963,P GASLY,Pierre GASLY,GAS,Alpine,00A1E8,Pierre,Gasly,https://media.formula1.com/d_driver_fallback_image.png/content/dam/fom-website/drivers/P/PIEGAS01_Pierre_Gasly/piegas01.png.transform/1col/image.png,
16.0,6,69.0,0.0,False,False,False,,+1 LAP,1263,9963,1263,9963,I HADJAR,Isack HADJAR,HAD,Racing Bulls,6C98FF,Isack,Hadjar,https://media.formula1.com/d_driver_fallback_image.png/content/dam/fom-website/drivers/I/ISAHAD01_Isack_Hadjar/isahad01.png.transform/1col/image.png,
17.0,18,69.0,0.0,False,False,False,,+1 LAP,1263,9963,1263,9963,L STROLL,Lance STROLL,STR,Aston Martin,229971,Lance,Stroll,https://media.formula1.com/d_driver_fallback_image.png/content/dam/fom-website/drivers/L/LANSTR01_Lance_Stroll/lanstr01.png.transform/1col/image.png,
18.0,4,66.0,0.0,True,False,False,,,1263,9963,1263,9963,L NORRIS,Lando NORRIS,NOR,McLaren,F47600,Lando,Norris,https://media.formula1.com/d_driver_fallback_image.png/content/dam/fom-website/drivers/L/LANNOR01_Lando_Norris/lannor01.png.transform/1col/image.png,
,30,53.0,0.0,True,False,False,,,1263,9963,1263,9963,L LAWSON,Liam LAWSON,LAW,Racing Bulls,6C98FF,Liam,Lawson,https://media.formula1.com/d_driver_fallback_image.png/content/dam/fom-website/drivers/L/LIALAW01_Liam_Lawson/lialaw01.png.transform/1col/image.png,
,23,46.0,0.0,True,False,False,,,1263,9963,1263,9963,A ALBON,Alexander ALBON,ALB,Williams,1868DB,Alexander,Albon,https://media.formula1.com/d_driver_fallback_image.png/content/dam/fom-website/drivers/A/ALEALB01_Alexander_Albon/alealb01.png.transform/1col/image.png,
1.0,4,70.0,25.0,False,False,False,5027.693,0,1264,9955,1264,9955,L NORRIS,Lando NORRIS,NOR,McLaren,F47600,Lando,Norris,https://media.formula1.com/d_driver_fallback_image.png/content/dam/fom-website/drivers/L/LANNOR01_Lando_Norris/lannor01.png.transform/1col/image.png,
2.0,81,70.0,18.0,False,False,False,5030.388,2.695,1264,9955,1264,9955,O PIASTRI,Oscar PIASTRI,PIA,McLaren,F47600,Oscar,Piastri,https://media.formula1.com/d_driver_fallback_image.png/content/dam/fom-website/drivers/O/OSCPIA01_Oscar_Piastri/oscpia01.png.transform/1col/image.png,
3.0,16,70.0,15.0,False,False,False,5047.513,19.82,1264,9955,1264,9955,C LECLERC,Charles LECLERC,LEC,Ferrari,ED1131,Charles,Leclerc,https://media.formula1.com/d_driver_fallback_image.png/content/dam/fom-website/drivers/C/CHALEC01_Charles_Leclerc/chalec01.png.transform/1col/image.png,
4.0,44,70.0,12.0,False,False,False,5056.713,29.02,1264,9955,1264,9955,L HAMILTON,Lewis HAMILTON,HAM,Ferrari,ED1131,Lewis,Hamilton,https://media.formula1.com/d_driver_fallback_image.png/content/dam/fom-website/drivers/L/LEWHAM01_Lewis_Hamilton/lewham01.png.transform/1col/image.png,
5.0,63,70.0,10.0,False,False,False,5090.089,62.396,1264,9955,1264,9955,G RUSSELL,George RUSSELL,RUS,Mercedes,00D7B6,George,Russell,https://media.formula1.com/d_driver_fallback_image.png/content/dam/fom-website/drivers/G/GEORUS01_George_Russell/georus01.png.transform/1col/image.png,
6.0,30,70.0,8.0,False,False,False,5095.447,67.754,1264,9955,1264,9955,L LAWSON,Liam LAWSON,LAW,Racing Bulls,6C98FF,Liam,Lawson,https://media.formula1.com/d_driver_fallback_image.png/content/dam/fom-website/drivers/L/LIALAW01_Liam_Lawson/lialaw01.png.transform/1col/image.png,
7.0,14,69.0,6.0,False,False,False,,+1 LAP,1264,9955,1264,9955,F ALONSO,Fernando ALONSO,ALO,Aston Martin,229971,Fernando,Alonso,https://media.formula1.com/d_driver_fallback_image.png/content/dam/fom-website/drivers/F/FERALO01_Fernando_Alonso/feralo01.png.transform/1col/image.png,
8.0,5,69.0,4.0,False,False,False,,+1 LAP,1264,9955,1264,9955,G BORTOLETO,Gabriel BORTOLETO,BOR,Kick Sauber,01C00E,Gabriel,Bortoleto,https://media.formula1.com/d_driver_fallback_image.png/content/dam/fom-website/drivers/G/GABBOR01_Gabriel_Bortoleto/gabbor01.png.transform/1col/image.png,
9.0,27,69.0,2.0,False,False,False,,+1 LAP,1264,9955,1264,9955,N HULKENBERG,Nico HULKENBERG,HUL,Kick Sauber,01C00E,Nico,Hulkenberg,https://media.formula1.com/d_driver_fallback_image.png/content/dam/fom-website/drivers/N/NICHUL01_Nico_Hulkenberg/nichul01.png.transform/1col/image.png,
10.0,31,69.0,1.0,False,False,False,,+1 LAP,1264,9955,1264,9955,E OCON,Esteban OCON,OCO,Haas F1 Team,9C9FA2,Esteban,Ocon,https://media.formula1.com/d_driver_fallback_image.png/content/dam/fom-website/drivers/E/ESTOCO01_Esteban_Ocon/estoco01.png.transform/1col/image.png,
11.0,87,69.0,0.0,False,False,False,,+1 LAP,1264,9955,1264,9955,O BEARMAN,Oliver BEARMAN,BEA,Haas F1 Team,9C9FA2,Oliver,Bearman,https://media.formula1.com/d_driver_fallback_image.png/content/dam/fom-website/drivers/O/OLIBEA01_Oliver_Bearman/olibea01.png.transform/1col/image.png,
12.0,6,69.0,0.0,False,False,False,,+1 LAP,1264,9955,1264,9955,I HADJAR,Isack HADJAR,HAD,Racing Bulls,6C98FF,Isack,Hadjar,https://media.formula1.com/d_driver_fallback_image.png/content/dam/fom-website/drivers/I/ISAHAD01_Isack_Hadjar/isahad01.png.transform/1col/image.png,
13.0,10,69.0,0.0,False,False,False,,+1 LAP,1264,9955,1264,9955,P GASLY,Pierre GASLY,GAS,Alpine,00A1E8,Pierre,Gasly,https://media.formula1.com/d_driver_fallback_image.png/content/dam/fom-website/drivers/P/PIEGAS01_Pierre_Gasly/piegas01.png.transform/1col/image.png,
14.0,18,69.0,0.0,False,False,False,,+1 LAP,1264,9955,1264,9955,L STROLL,Lance STROLL,STR,Aston Martin,229971,Lance,Stroll,https://media.formula1.com/d_driver_fallback_image.png/content/dam/fom-website/drivers/L/LANSTR01_Lance_Stroll/lanstr01.png.transform/1col/image.png,
15.0,43,69.0,0.0,False,False,False,,+1 LAP,1264,9955,1264,9955,F COLAPINTO,Franco COLAPINTO,COL,Alpine,00A1E8,Franco,Colapinto,,
16.0,22,68.0,0.0,False,False,False,,+2 LAPS,1264,9955,1264,9955,Y TSUNODA,Yuki TSUNODA,TSU,Red Bull Racing,4781D7,Yuki,Tsunoda,https://media.formula1.com/d_driver_fallback_image.png/content/dam/fom-website/drivers/Y/YUKTSU01_Yuki_Tsunoda/yuktsu01.png.transform/1col/image.png,
,23,15.0,0.0,True,False,False,,,1264,9955,1264,9955,A ALBON,Alexander ALBON,ALB,Williams,1868DB,Alexander,Albon,https://media.formula1.com/d_driver_fallback_image.png/content/dam/fom-website/drivers/A/ALEALB01_Alexander_Albon/alealb01.png.transform/1col/image.png,
,1,0.0,0.0,True,False,False,,,1264,9955,1264,9955,M VERSTAPPEN,Max VERSTAPPEN,VER,Red Bull Racing,4781D7,Max,Verstappen,https://media.formula1.com/d_driver_fallback_image.png/content/dam/fom-website/drivers/M/MAXVER01_Max_Verstappen/maxver01.png.transform/1col/image.png,
,12,0.0,0.0,True,False,False,,,1264,9955,1264,9955,K ANTONELLI,Kimi ANTONELLI,ANT,Mercedes,00D7B6,Kimi,Antonelli,https://media.formula1.com/d_driver_fallback_image.png/content/dam/fom-website/drivers/A/ANDANT01_Andrea%20Kimi_Antonelli/andant01.png.transform/1col/image.png,
,55,0.0,0.0,False,True,False,,,1264,9955,1264,9955,C SAINZ,Carlos SAINZ,SAI,Williams,1868DB,Carlos,Sainz,https://media.formula1.com/d_driver_fallback_image.png/content/dam/fom-website/drivers/C/CARSAI01_Carlos_Sainz/carsai01.png.transform/1col/image.png,
1.0,4,52.0,25.0,False,False,False,5835.735,0,1277,9947,1277,9947,L NORRIS,Lando NORRIS,NOR,McLaren,F47600,Lando,Norris,https://media.formula1.com/d_driver_fallback_image.png/content/dam/fom-website/drivers/L/LANNOR01_Lando_Norris/lannor01.png.transform/1col/image.png,
2.0,81,52.0,18.0,False,False,False,5842.547,6.812,1277,9947,1277,9947,O PIASTRI,Oscar PIASTRI,PIA,McLaren,F47600,Oscar,Piastri,https://media.formula1.com/d_driver_fallback_image.png/content/dam/fom-website/drivers/O/OSCPIA01_Oscar_Piastri/oscpia01.png.transform/1col/image.png,
3.0,27,52.0,15.0,False,False,False,5870.477,34.742,1277,9947,1277,9947,N HULKENBERG,Nico HULKENBERG,HUL,Kick Sauber,01C00E,Nico,Hulkenberg,https://media.formula1.com/d_driver_fallback_image.png/content/dam/fom-website/drivers/N/NICHUL01_Nico_Hulkenberg/nichul01.png.transform/1col/image.png,
4.0,44,52.0,12.0,False,False,False,5875.547,39.812,1277,9947,1277,9947,L HAMILTON,Lewis HAMILTON,HAM,Ferrari,ED1131,Lewis,Hamilton,https://media.formula1.com/d_driver_fallback_image.png/content/dam/fom-website/drivers/L/LEWHAM01_Lewis_Hamilton/lewham01.png.transform/1col/image.png,
5.0,1,52.0,10.0,False,False,False,5892.516,56.781,1277,9947,1277,9947,M VERSTAPPEN,Max VERSTAPPEN,VER,Red Bull Racing,4781D7,Max,Verstappen,https://media.formula1.com/d_driver_fallback_image.png/content/dam/fom-website/drivers/M/MAXVER01_Max_Verstappen/maxver01.png.transform/1col/image.png,
6.0,10,52.0,8.0,False,False,False,5895.592,59.857,1277,9947,1277,9947,P GASLY,Pierre GASLY,GAS,Alpine,00A1E8,Pierre,Gasly,https://media.formula1.com/d_driver_fallback_image.png/content/dam/fom-website/drivers/P/PIEGAS01_Pierre_Gasly/piegas01.png.transform/1col/image.png,
7.0,18,52.0,6.0,False,False,False,5896.338,60.603,1277,9947,1277,9947,L STROLL,Lance STROLL,STR,Aston Martin,229971,Lance,Stroll,https://media.formula1.com/d_driver_fallback_image.png/content/dam/fom-website/drivers/L/LANSTR01_Lance_Stroll/lanstr01.png.transform/1col/image.png,
8.0,23,52.0,4.0,False,False,False,5899.87,64.135,1277,9947,1277,9947,A ALBON,Alexander ALBON,ALB,Williams,1868DB,Alexander,Albon,https://media.formula1.com/d_driver_fallback_image.png/content/dam/fom-website/drivers/A/ALEALB01_Alexander_Albon/alealb01.png.transform/1col/image.png,
9.0,14,52.0,2.0,False,False,False,5901.593,65.858,1277,9947,1277,9947,F ALONSO,Fernando ALONSO,ALO,Aston Martin,229971,Fernando,Alonso,https://media.formula1.com/d_driver_fallback_image.png/content/dam/fom-website/drivers/F/FERALO01_Fernando_Alonso/feralo01.png.transform/1col/image.png,
10.0,63,52.0,1.0,False,False,False,5906.409,70.674,1277,9947,1277,9947,G RUSSELL,George RUSSELL,RUS,Mercedes,00D7B6,George,Russell,https://media.formula1.com/d_driver_fallback_image.png/content/dam/fom-website/drivers/G/GEORUS01_George_Russell/georus01.png.transform/1col/image.png,
11.0,87,52.0,0.0,False,False,False,5907.83,72.095,1277,9947,1277,9947,O BEARMAN,Oliver BEARMAN,BEA,Haas F1 Team,9C9FA2,Oliver,Bearman,https://media.formula1.com/d_driver_fallback_image.png/content/dam/fom-website/drivers/O/OLIBEA01_Oliver_Bearman/olibea01.png.transform/1col/image.png,
12.0,55,52.0,0.0,False,False,False,5912.327,76.592,1277,9947,1277,9947,C SAINZ,Carlos SAINZ,SAI,Williams,1868DB,Carlos,Sainz,https://media.formula1.com/d_driver_fallback_image.png/content/dam/fom-website/drivers/C/CARSAI01_Carlos_Sainz/carsai01.png.transform/1col/image.png,
13.0,31,52.0,0.0,False,False,False,5913.036,77.301,1277,9947,1277,9947,E OCON,Esteban OCON,OCO,Haas F1 Team,9C9FA2,Esteban,Ocon,https://media.formula1.com/d_driver_fallback_image.png/content/dam/fom-website/drivers/E/ESTOCO01_Esteban_Ocon/estoco01.png.transform/1col/image.png,
14.0,16,52.0,0.0,False,False,False,5920.212,84.477,1277,9947,1277,9947,C LECLERC,Charles LECLERC,LEC,Ferrari,ED1131,Charles,Leclerc,https://media.formula1.com/d_driver_fallback_image.png/content/dam/fom-website/drivers/C/CHALEC01_Charles_Leclerc/chalec01.png.transform/1col/image.png,
15.0,22,51.0,0.0,False,False,False,,+1 LAP,1277,9947,1277,9947,Y TSUNODA,Yuki TSUNODA,TSU,Red Bull Racing,4781D7,Yuki,Tsunoda,https://media.formula1.com/d_driver_fallback_image.png/content/dam/fom-website/drivers/Y/YUKTSU01_Yuki_Tsunoda/yuktsu01.png.transform/1col/image.png,
,12,23.0,0.0,True,False,False,,,1277,9947,1277,9947,K ANTONELLI,Kimi ANTONELLI,ANT,Mercedes,00D7B6,Kimi,Antonelli,https://media.formula1.com/d_driver_fallback_image.png/content/dam/fom-website/drivers/A/ANDANT01_Andrea%20Kimi_Antonelli/andant01.png.transform/1col/image.png,
,6,17.0,0.0,True,False,False,,,1277,9947,1277,9947,I HADJAR,Isack HADJAR,HAD,Racing Bulls,6C98FF,Isack,Hadjar,https://media.formula1.com/d_driver_fallback_image.png/content/dam/fom-website/drivers/I/ISAHAD01_Isack_Hadjar/isahad01.png.transform/1col/image.png,
,5,3.0,0.0,True,False,False,,,1277,9947,1277,9947,G BORTOLETO,Gabriel BORTOLETO,BOR,Kick Sauber,01C00E,Gabriel,Bortoleto,https://media.formula1.com/d_driver_fallback_image.png/content/dam/fom-website/drivers/G/GABBOR01_Gabriel_Bortoleto/gabbor01.png.transform/1col/image.png,
,30,0.0,0.0,True,False,False,,,1277,9947,1277,9947,L LAWSON,Liam LAWSON,LAW,Racing Bulls,6C98FF,Liam,Lawson,https://media.formula1.com/d_driver_fallback_image.png/content/dam/fom-website/drivers/L/LIALAW01_Liam_Lawson/lialaw01.png.transform/1col/image.png,
,43,0.0,0.0,False,True,False,,,1277,9947,1277,9947,F COLAPINTO,Franco COLAPINTO,COL,Alpine,00A1E8,Franco,Colapinto,,
1.0,81,44.0,25.0,False,False,False,5122.601,0,1265,9939,1265,9939,O PIASTRI,Oscar PIASTRI,PIA,McLaren,F47600,Oscar,Piastri,https://media.formula1.com/d_driver_fallback_image.png/content/dam/fom-website/drivers/O/OSCPIA01_Oscar_Piastri/oscpia01.png.transform/1col/image.png,
2.0,4,44.0,18.0,False,False,False,5126.016,3.415,1265,9939,1265,9939,L NORRIS,Lando NORRIS,NOR,McLaren,F47600,Lando,Norris,https://media.formula1.com/d_driver_fallback_image.png/content/dam/fom-website/drivers/L/LANNOR01_Lando_Norris/lannor01.png.transform/1col/image.png,
3.0,16,44.0,15.0,False,False,False,5142.786,20.185,1265,9939,1265,9939,C LECLERC,Charles LECLERC,LEC,Ferrari,ED1131,Charles,Leclerc,https://media.formula1.com/d_driver_fallback_image.png/content/dam/fom-website/drivers/C/CHALEC01_Charles_Leclerc/chalec01.png.transform/1col/image.png,
4.0,1,44.0,12.0,False,False,False,5144.332,21.731,1265,9939,1265,9939,M VERSTAPPEN,Max VERSTAPPEN,VER,Red Bull Racing,4781D7,Max,Verstappen,https://media.formula1.com/d_driver_fallback_image.png/content/dam/fom-website/drivers/M/MAXVER01_Max_Verstappen/maxver01.png.transform/1col/image.png,
5.0,63,44.0,10.0,False,False,False,5157.464,34.863,1265,9939,1265,9939,G RUSSELL,George RUSSELL,RUS,Mercedes,00D7B6,George,Russell,https://media.formula1.com/d_driver_fallback_image.png/content/dam/fom-website/drivers/G/GEORUS01_George_Russell/georus01.png.transform/1col/image.png,
6.0,23,44.0,8.0,False,False,False,5162.527,39.926,1265,9939,1265,9939,A ALBON,Alexander ALBON,ALB,Williams,1868DB,Alexander,Albon,https://media.formula1.com/d_driver_fallback_image.png/content/dam/fom-website/drivers/A/ALEALB01_Alexander_Albon/alealb01.png.transform/1col/image.png,
7.0,44,44.0,6.0,False,False,False,5163.28,40.679,1265,9939,1265,9939,L HAMILTON,Lewis HAMILTON,HAM,Ferrari,ED1131,Lewis,Hamilton,https://media.formula1.com/d_driver_fallback_image.png/content/dam/fom-website/drivers/L/LEWHAM01_Lewis_Hamilton/lewham01.png.transform/1col/image.png,
8.0,30,44.0,4.0,False,False,False,5174.634,52.033,1265,9939,1265,9939,L LAWSON,Liam LAWSON,LAW,Racing Bulls,6C98FF,Liam,Lawson,https://media.formula1.com/d_driver_fallback_image.png/content/dam/fom-website/drivers/L/LIALAW01_Liam_Lawson/lialaw01.png.transform/1col/image.png,
9.0,5,44.0,2.0,False,False,False,5179.035,56.434,1265,9939,1265,9939,G BORTOLETO,Gabriel BORTOLETO,BOR,Kick Sauber,01C00E,Gabriel,Bortoleto,https://media.formula1.com/d_driver_fallback_image.png/content/dam/fom-website/drivers/G/GABBOR01_Gabriel_Bortoleto/gabbor01.png.transform/1col/image.png,
10.0,10,44.0,1.0,False,False,False,5195.315,72.714,1265,9939,1265,9939,P GASLY,Pierre GASLY,GAS,Alpine,00A1E8,Pierre,Gasly,https://media.formula1.com/d_driver_fallback_image.png/content/dam/fom-website/drivers/P/PIEGAS01_Pierre_Gasly/piegas01.png.transform/1col/image.png,
11.0,87,44.0,0.0,False,False,False,5195.746,73.145,1265,9939,1265,9939,O BEARMAN,Oliver BEARMAN,BEA,Haas F1 Team,9C9FA2,Oliver,Bearman,https://media.formula1.com/d_driver_fallback_image.png/content/dam/fom-website/drivers/O/OLIBEA01_Oliver_Bearman/olibea01.png.transform/1col/image.png,
12.0,27,44.0,0.0,False,False,False,5196.229,73.628,1265,9939,1265,9939,N HULKENBERG,Nico HULKENBERG,HUL,Kick Sauber,01C00E,Nico,Hulkenberg,https://media.formula1.com/d_driver_fallback_image.png/content/dam/fom-website/drivers/N/NICHUL01_Nico_Hulkenberg/nichul01.png.transform/1col/image.png,
13.0,22,44.0,0.0,False,False,False,5197.996,75.395,1265,9939,1265,9939,Y TSUNODA,Yuki TSUNODA,TSU,Red Bull Racing,4781D7,Yuki,Tsunoda,https://media.formula1.com/d_driver_fallback_image.png/content/dam/fom-website/drivers/Y/YUKTSU01_Yuki_Tsunoda/yuktsu01.png.transform/1col/image.png,
14.0,18,44.0,0.0,False,False,False,5202.432,79.831,1265,9939,1265,9939,L STROLL,Lance STROLL,STR,Aston Martin,229971,Lance,Stroll,https://media.formula1.com/d_driver_fallback_image.png/content/dam/fom-website/drivers/L/LANSTR01_Lance_Stroll/lanstr01.png.transform/1col/image.png,
15.0,31,44.0,0.0,False,False,False,5208.664,86.063,1265,9939,1265,9939,E OCON,Esteban OCON,OCO,Haas F1 Team,9C9FA2,Esteban,Ocon,https://media.formula1.com/d_driver_fallback_image.png/content/dam/fom-website/drivers/E/ESTOCO01_Esteban_Ocon/estoco01.png.transform/1col/image.png,
16.0,12,44.0,0.0,False,False,False,5209.322,86.721,1265,9939,1265,9939,K ANTONELLI,Kimi ANTONELLI,ANT,Mercedes,00D7B6,Kimi,Antonelli,https://media.formula1.com/d_driver_fallback_image.png/content/dam/fom-website/drivers/A/ANDANT01_Andrea%20Kimi_Antonelli/andant01.png.transform/1col/image.png,
17.0,14,44.0,0.0,False,False,False,5210.525,87.924,1265,9939,1265,9939,F ALONSO,Fernando ALONSO,ALO,Aston Martin,229971,Fernando,Alonso,https://media.formula1.com/d_driver_fallback_image.png/content/dam/fom-website/drivers/F/FERALO01_Fernando_Alonso/feralo01.png.transform/1col/image.png,
18.0,55,44.0,0.0,False,False,False,5214.625,92.024,1265,9939,1265,9939,C SAINZ,Carlos SAINZ,SAI,Williams,1868DB,Carlos,Sainz,https://media.formula1.com/d_driver_fallback_image.png/content/dam/fom-website/drivers/C/CARSAI01_Carlos_Sainz/carsai01.png.transform/1col/image.png,
19.0,43,44.0,0.0,False,False,False,5217.851,95.25,1265,9939,1265,9939,F COLAPINTO,Franco COLAPINTO,COL,Alpine,00A1E8,Franco,Colapinto,,
20.0,6,43.0,0.0,False,False,False,,+1 LAP,1265,9939,1265,9939,I HADJAR,Isack HADJAR,HAD,Racing Bulls,6C98FF,Isack,Hadjar,https://media.formula1.com/d_driver_fallback_image.png/content/dam/fom-website/drivers/I/ISAHAD01_Isack_Hadjar/isahad01.png.transform/1col/image.png,
1.0,4,70.0,25.0,False,False,False,5721.231,0,1266,9928,1266,9928,L NORRIS,Lando NORRIS,NOR,McLaren,F47600,Lando,Norris,https://media.formula1.com/d_driver_fallback_image.png/content/dam/fom-website/drivers/L/LANNOR01_Lando_Norris/lannor01.png.transform/1col/image.png,
2.0,81,70.0,18.0,False,False,False,5721.929,0.698,1266,9928,1266,9928,O PIASTRI,Oscar PIASTRI,PIA,McLaren,F47600,Oscar,Piastri,https://media.formula1.com/d_driver_fallback_image.png/content/dam/fom-website/drivers/O/OSCPIA01_Oscar_Piastri/oscpia01.png.transform/1col/image.png,
3.0,63,70.0,15.0,False,False,False,5743.147,21.916,1266,9928,1266,9928,G RUSSELL,George RUSSELL,RUS,Mercedes,00D7B6,George,Russell,https://media.formula1.com/d_driver_fallback_image.png/content/dam/fom-website/drivers/G/GEORUS01_George_Russell/georus01.png.transform/1col/image.png,
4.0,16,70.0,12.0,False,False,False,5763.791,42.56,1266,9928,1266,9928,C LECLERC,Charles LECLERC,LEC,Ferrari,ED1131,Charles,Leclerc,https://media.formula1.com/d_driver_fallback_image.png/content/dam/fom-website/drivers/C/CHALEC01_Charles_Leclerc/chalec01.png.transform/1col/image.png,
5.0,14,70.0,10.0,False,False,False,5780.271,59.04,1266,9928,1266,9928,F ALONSO,Fernando ALONSO,ALO,Aston Martin,229971,Fernando,Alonso,https://media.formula1.com/d_driver_fallback_image.png/content/dam/fom-website/drivers/F/FERALO01_Fernando_Alonso/feralo01.png.transform/1col/image.png,
6.0,5,70.0,8.0,False,False,False,5787.4,66.169,1266,9928,1266,9928,G BORTOLETO,Gabriel BORTOLETO,BOR,Kick Sauber,01C00E,Gabriel,Bortoleto,https://media.formula1.com/d_driver_fallback_image.png/content/dam/fom-website/drivers/G/GABBOR01_Gabriel_Bortoleto/gabbor01.png.transform/1col/image.png,
7.0,18,70.0,6.0,False,False,False,5789.405,68.174,1266,9928,1266,9928,L STROLL,Lance STROLL,STR,Aston Martin,229971,Lance,Stroll,https://media.formula1.com/d_driver_fallback_image.png/content/dam/fom-website/drivers/L/LANSTR01_Lance_Stroll/lanstr01.png.transform/1col/image.png,
8.0,30,70.0,4.0,False,False,False,5790.682,69.451,1266,9928,1266,9928,L LAWSON,Liam LAWSON,LAW,Racing Bulls,6C98FF,Liam,Lawson,https://media.formula1.com/d_driver_fallback_image.png/content/dam/fom-website/drivers/L/LIALAW01_Liam_Lawson/lialaw01.png.transform/1col/image.png,
9.0,1,70.0,2.0,False,False,False,5793.876,72.645,1266,9928,1266,9928,M VERSTAPPEN,Max VERSTAPPEN,VER,Red Bull Racing,4781D7,Max,Verstappen,https://media.formula1.com/d_driver_fallback_image.png/content/dam/fom-website/drivers/M/MAXVER01_Max_Verstappen/maxver01.png.transform/1col/image.png,
10.0,12,69.0,1.0,False,False,False,,+1 LAP,1266,9928,1266,9928,K ANTONELLI,Kimi ANTONELLI,ANT,Mercedes,00D7B6,Kimi,Antonelli,https://media.formula1.com/d_driver_fallback_image.png/content/dam/fom-website/drivers/A/ANDANT01_Andrea%20Kimi_Antonelli/andant01.png.transform/1col/image.png,
11.0,6,69.0,0.0,False,False,False,,+1 LAP,1266,9928,1266,9928,I HADJAR,Isack HADJAR,HAD,Racing Bulls,6C98FF,Isack,Hadjar,https://media.formula1.com/d_driver_fallback_image.png/content/dam/fom-website/drivers/I/ISAHAD01_Isack_Hadjar/isahad01.png.transform/1col/image.png,
12.0,44,69.0,0.0,False,False,False,,+1 LAP,1266,9928,1266,9928,L HAMILTON,Lewis HAMILTON,HAM,Ferrari,ED1131,Lewis,Hamilton,https://media.formula1.com/d_driver_fallback_image.png/content/dam/fom-website/drivers/L/LEWHAM01_Lewis_Hamilton/lewham01.png.transform/1col/image.png,
13.0,27,69.0,0.0,False,False,False,,+1 LAP,1266,9928,1266,9928,N HULKENBERG,Nico HULKENBERG,HUL,Kick Sauber,01C00E,Nico,Hulkenberg,https://media.formula1.com/d_driver_fallback_image.png/content/dam/fom-website/drivers/N/NICHUL01_Nico_Hulkenberg/nichul01.png.transform/1col/image.png,
14.0,55,69.0,0.0,False,False,False,,+1 LAP,1266,9928,1266,9928,C SAINZ,Carlos SAINZ,SAI,Williams,1868DB,Carlos,Sainz,https://media.formula1.com/d_driver_fallback_image.png/content/dam/fom-website/drivers/C/CARSAI01_Carlos_Sainz/carsai01.png.transform/1col/image.png,
15.0,23,69.0,0.0,False,False,False,,+1 LAP,1266,9928,1266,9928,A ALBON,Alexander ALBON,ALB,Williams,1868DB,Alexander,Albon,https://media.formula1.com/d_driver_fallback_image.png/content/dam/fom-website/drivers/A/ALEALB01_Alexander_Albon/alealb01.png.transform/1col/image.png,
16.0,31,69.0,0.0,False,False,False,,+1 LAP,1266,9928,1266,9928,E OCON,Esteban OCON,OCO,Haas F1 Team,9C9FA2,Esteban,Ocon,https://media.formula1.com/d_driver_fallback_image.png/content/dam/fom-website/drivers/E/ESTOCO01_Esteban_Ocon/estoco01.png.transform/1col/image.png,
17.0,22,69.0,0.0,False,False,False,,+1 LAP,1266,9928,1266,9928,Y TSUNODA,Yuki TSUNODA,TSU,Red Bull Racing,4781D7,Yuki,Tsunoda,https://media.formula1.com/d_driver_fallback_image.png/content/dam/fom-website/drivers/Y/YUKTSU01_Yuki_Tsunoda/yuktsu01.png.transform/1col/image.png,
18.0,43,69.0,0.0,False,False,False,,+1 LAP,1266,9928,1266,9928,F COLAPINTO,Franco COLAPINTO,COL,Alpine,00A1E8,Franco,Colapinto,,
19.0,10,69.0,0.0,False,False,False,,+1 LAP,1266,9928,1266,9928,P GASLY,Pierre GASLY,GAS,Alpine,00A1E8,Pierre,Gasly,https://media.formula1.com/d_driver_fallback_image.png/content/dam/fom-website/drivers/P/PIEGAS01_Pierre_Gasly/piegas01.png.transform/1col/image.png,
,87,48.0,0.0,True,False,False,,,1266,9928,1266,9928,O BEARMAN,Oliver BEARMAN,BEA,Haas F1 Team,9C9FA2,Oliver,Bearman,https://media.formula1.com/d_driver_fallback_image.png/content/dam/fom-website/drivers/O/OLIBEA01_Oliver_Bearman/olibea01.png.transform/1col/image.png,
1.0,81,72.0,25.0,False,False,False,5909.849,0.0,1267,9920,1267,9920,O PIASTRI,Oscar PIASTRI,PIA,McLaren,F47600,Oscar,Piastri,https://media.formula1.com/d_driver_fallback_image.png/content/dam/fom-website/drivers/O/OSCPIA01_Oscar_Piastri/oscpia01.png.transform/1col/image.png,
2.0,1,72.0,18.0,False,False,False,5911.12,1.271,1267,9920,1267,9920,M VERSTAPPEN,Max VERSTAPPEN,VER,Red Bull Racing,4781D7,Max,Verstappen,https://media.formula1.com/d_driver_fallback_image.png/content/dam/fom-website/drivers/M/MAXVER01_Max_Verstappen/maxver01.png.transform/1col/image.png,
3.0,6,72.0,15.0,False,False,False,5913.082,3.233,1267,9920,1267,9920,I HADJAR,Isack HADJAR,HAD,Racing Bulls,6C98FF,Isack,Hadjar,https://media.formula1.com/d_driver_fallback_image.png/content/dam/fom-website/drivers/I/ISAHAD01_Isack_Hadjar/isahad01.png.transform/1col/image.png,
4.0,63,72.0,12.0,False,False,False,5915.503,5.654,1267,9920,1267,9920,G RUSSELL,George RUSSELL,RUS,Mercedes,00D7B6,George,Russell,https://media.formula1.com/d_driver_fallback_image.png/content/dam/fom-website/drivers/G/GEORUS01_George_Russell/georus01.png.transform/1col/image.png,
5.0,23,72.0,10.0,False,False,False,5916.176,6.327,1267,9920,1267,9920,A ALBON,Alexander ALBON,ALB,Williams,1868DB,Alexander,Albon,https://media.formula1.com/d_driver_fallback_image.png/content/dam/fom-website/drivers/A/ALEALB01_Alexander_Albon/alealb01.png.transform/1col/image.png,
6.0,87,72.0,8.0,False,False,False,5918.893,9.044,1267,9920,1267,9920,O BEARMAN,Oliver BEARMAN,BEA,Haas F1 Team,9C9FA2,Oliver,Bearman,https://media.formula1.com/d_driver_fallback_image.png/content/dam/fom-website/drivers/O/OLIBEA01_Oliver_Bearman/olibea01.png.transform/1col/image.png,
7.0,18,72.0,6.0,False,False,False,5919.346,9.497,1267,9920,1267,9920,L STROLL,Lance STROLL,STR,Aston Martin,229971,Lance,Stroll,https://media.formula1.com/d_driver_fallback_image.png/content/dam/fom-website/drivers/L/LANSTR01_Lance_Stroll/lanstr01.png.transform/1col/image.png,
8.0,14,72.0,4.0,False,False,False,5921.558,11.709,1267,9920,1267,9920,F ALONSO,Fernando ALONSO,ALO,Aston Martin,229971,Fernando,Alonso,https://media.formula1.com/d_driver_fallback_image.png/content/dam/fom-website/drivers/F/FERALO01_Fernando_Alonso/feralo01.png.transform/1col/image.png,
9.0,22,72.0,2.0,False,False,False,5923.446,13.597,1267,9920,1267,9920,Y TSUNODA,Yuki TSUNODA,TSU,Red Bull Racing,4781D7,Yuki,Tsunoda,https://media.formula1.com/d_driver_fallback_image.png/content/dam/fom-website/drivers/Y/YUKTSU01_Yuki_Tsunoda/yuktsu01.png.transform/1col/image.png,
10.0,31,72.0,1.0,False,False,False,5923.912,14.063,1267,9920,1267,9920,E OCON,Esteban OCON,OCO,Haas F1 Team,9C9FA2,Esteban,Ocon,https://media.formula1.com/d_driver_fallback_image.png/content/dam/fom-website/drivers/E/ESTOCO01_Esteban_Ocon/estoco01.png.transform/1col/image.png,
11.0,43,72.0,0.0,False,False,False,5924.36,14.511,1267,9920,1267,9920,F COLAPINTO,Franco COLAPINTO,COL,Alpine,00A1E8,Franco,Colapinto,,
12.0,30,72.0,0.0,False,False,False,5926.912,17.063,1267,9920,1267,9920,L LAWSON,Liam LAWSON,LAW,Racing Bulls,6C98FF,Liam,Lawson,https://media.formula1.com/d_driver_fallback_image.png/content/dam/fom-website/drivers/L/LIALAW01_Liam_Lawson/lialaw01.png.transform/1col/image.png,
13.0,55,72.0,0.0,False,False,False,5927.225,17.376,1267,9920,1267,9920,C SAINZ,Carlos SAINZ,SAI,Williams,1868DB,Carlos,Sainz,https://media.formula1.com/d_driver_fallback_image.png/content/dam/fom-website/drivers/C/CARSAI01_Carlos_Sainz/carsai01.png.transform/1col/image.png,
14.0,27,72.0,0.0,False,False,False,5929.574,19.725,1267,9920,1267,9920,N HULKENBERG,Nico HULKENBERG,HUL,Kick Sauber,01C00E,Nico,Hulkenberg,https://media.formula1.com/d_driver_fallback_image.png/content/dam/fom-website/drivers/N/NICHUL01_Nico_Hulkenberg/nichul01.png.transform/1col/image.png,
15.0,5,72.0,0.0,False,False,False,5931.414,21.565,1267,9920,1267,9920,G BORTOLETO,Gabriel BORTOLETO,BOR,Kick Sauber,01C00E,Gabriel,Bortoleto,https://media.formula1.com/d_driver_fallback_image.png/content/dam/fom-website/drivers/G/GABBOR01_Gabriel_Bortoleto/gabbor01.png.transform/1col/image.png,
16.0,12,72.0,0.0,False,False,False,5931.878,22.029,1267,9920,1267,9920,K ANTONELLI,Kimi ANTONELLI,ANT,Mercedes,00D7B6,Kimi,Antonelli,https://media.formula1.com/d_driver_fallback_image.png/content/dam/fom-website/drivers/A/ANDANT01_Andrea%20Kimi_Antonelli/andant01.png.transform/1col/image.png,
17.0,10,72.0,0.0,False,False,False,5933.478,23.629,1267,9920,1267,9920,P GASLY,Pierre GASLY,GAS,Alpine,00A1E8,Pierre,Gasly,https://media.formula1.com/d_driver_fallback_image.png/content/dam/fom-website/drivers/P/PIEGAS01_Pierre_Gasly/piegas01.png.transform/1col/image.png,
18.0,4,64.0,0.0,True,False,False,,,1267,9920,1267,9920,L NORRIS,Lando NORRIS,NOR,McLaren,F47600,Lando,Norris,https://media.formula1.com/d_driver_fallback_image.png/content/dam/fom-website/drivers/L/LANNOR01_Lando_Norris/lannor01.png.transform/1col/image.png,
,16,52.0,0.0,True,False,False,,,1267,9920,1267,9920,C LECLERC,Charles LECLERC,LEC,Ferrari,ED1131,Charles,Leclerc,https://media.formula1.com/d_driver_fallback_image.png/content/dam/fom-website/drivers/C/CHALEC01_Charles_Leclerc/chalec01.png.transform/1col/image.png,
,44,22.0,0.0,True,False,False,,,1267,9920,1267,9920,L HAMILTON,Lewis HAMILTON,HAM,Ferrari,ED1131,Lewis,Hamilton,https://media.formula1.com/d_driver_fallback_image.png/content/dam/fom-website/drivers/L/LEWHAM01_Lewis_Hamilton/lewham01.png.transform/1col/image.png,
1.0,1,53.0,25.0,False,False,False,4404.325,0,1268,9912,1268,9912,M VERSTAPPEN,Max VERSTAPPEN,VER,Red Bull Racing,4781D7,Max,Verstappen,https://media.formula1.com/d_driver_fallback_image.png/content/dam/fom-website/drivers/M/MAXVER01_Max_Verstappen/maxver01.png.transform/1col/image.png,
2.0,4,53.0,18.0,False,False,False,4423.532,19.207,1268,9912,1268,9912,L NORRIS,Lando NORRIS,NOR,McLaren,F47600,Lando,Norris,https://media.formula1.com/d_driver_fallback_image.png/content/dam/fom-website/drivers/L/LANNOR01_Lando_Norris/lannor01.png.transform/1col/image.png,
3.0,81,53.0,15.0,False,False,False,4425.676,21.351,1268,9912,1268,9912,O PIASTRI,Oscar PIASTRI,PIA,McLaren,F47600,Oscar,Piastri,https://media.formula1.com/d_driver_fallback_image.png/content/dam/fom-website/drivers/O/OSCPIA01_Oscar_Piastri/oscpia01.png.transform/1col/image.png,
4.0,16,53.0,12.0,False,False,False,4429.949,25.624,1268,9912,1268,9912,C LECLERC,Charles LECLERC,LEC,Ferrari,ED1131,Charles,Leclerc,https://media.formula1.com/d_driver_fallback_image.png/content/dam/fom-website/drivers/C/CHALEC01_Charles_Leclerc/chalec01.png.transform/1col/image.png,
5.0,63,53.0,10.0,False,False,False,4437.206,32.881,1268,9912,1268,9912,G RUSSELL,George RUSSELL,RUS,Mercedes,00D7B6,George,Russell,https://media.formula1.com/d_driver_fallback_image.png/content/dam/fom-website/drivers/G/GEORUS01_George_Russell/georus01.png.transform/1col/image.png,
6.0,44,53.0,8.0,False,False,False,4441.774,37.449,1268,9912,1268,9912,L HAMILTON,Lewis HAMILTON,HAM,Ferrari,ED1131,Lewis,Hamilton,https://media.formula1.com/d_driver_fallback_image.png/content/dam/fom-website/drivers/L/LEWHAM01_Lewis_Hamilton/lewham01.png.transform/1col/image.png,
7.0,23,53.0,6.0,False,False,False,4454.862,50.537,1268,9912,1268,9912,A ALBON,Alexander ALBON,ALB,Williams,1868DB,Alexander,Albon,https://media.formula1.com/d_driver_fallback_image.png/content/dam/fom-website/drivers/A/ALEALB01_Alexander_Albon/alealb01.png.transform/1col/image.png,
8.0,5,53.0,4.0,False,False,False,4462.809,58.484,1268,9912,1268,9912,G BORTOLETO,Gabriel BORTOLETO,BOR,Kick Sauber,01C00E,Gabriel,Bortoleto,https://media.formula1.com/d_driver_fallback_image.png/content/dam/fom-website/drivers/G/GABBOR01_Gabriel_Bortoleto/gabbor01.png.transform/1col/image.png,
9.0,12,53.0,2.0,False,False,False,4464.087,59.762,1268,9912,1268,9912,K ANTONELLI,Kimi ANTONELLI,ANT,Mercedes,00D7B6,Kimi,Antonelli,https://media.formula1.com/d_driver_fallback_image.png/content/dam/fom-website/drivers/A/ANDANT01_Andrea%20Kimi_Antonelli/andant01.png.transform/1col/image.png,
10.0,6,53.0,1.0,False,False,False,4468.216,63.891,1268,9912,1268,9912,I HADJAR,Isack HADJAR,HAD,Racing Bulls,6C98FF,Isack,Hadjar,https://media.formula1.com/d_driver_fallback_image.png/content/dam/fom-website/drivers/I/ISAHAD01_Isack_Hadjar/isahad01.png.transform/1col/image.png,
11.0,55,53.0,0.0,False,False,False,4468.794,64.469,1268,9912,1268,9912,C SAINZ,Carlos SAINZ,SAI,Williams,1868DB,Carlos,Sainz,https://media.formula1.com/d_driver_fallback_image.png/content/dam/fom-website/drivers/C/CARSAI01_Carlos_Sainz/carsai01.png.transform/1col/image.png,
12.0,87,53.0,0.0,False,False,False,4483.613,79.288,1268,9912,1268,9912,O BEARMAN,Oliver BEARMAN,BEA,Haas F1 Team,9C9FA2,Oliver,Bearman,https://media.formula1.com/d_driver_fallback_image.png/content/dam/fom-website/drivers/O/OLIBEA01_Oliver_Bearman/olibea01.png.transform/1col/image.png,
13.0,22,53.0,0.0,False,False,False,4485.026,80.701,1268,9912,1268,9912,Y TSUNODA,Yuki TSUNODA,TSU,Red Bull Racing,4781D7,Yuki,Tsunoda,https://media.formula1.com/d_driver_fallback_image.png/content/dam/fom-website/drivers/Y/YUKTSU01_Yuki_Tsunoda/yuktsu01.png.transform/1col/image.png,
14.0,30,53.0,0.0,False,False,False,4486.676,82.351,1268,9912,1268,9912,L LAWSON,Liam LAWSON,LAW,Racing Bulls,6C98FF,Liam,Lawson,https://media.formula1.com/d_driver_fallback_image.png/content/dam/fom-website/drivers/L/LIALAW01_Liam_Lawson/lialaw01.png.transform/1col/image.png,
15.0,31,52.0,0.0,False,False,False,,+1 LAP,1268,9912,1268,9912,E OCON,Esteban OCON,OCO,Haas F1 Team,9C9FA2,Esteban,Ocon,https://media.formula1.com/d_driver_fallback_image.png/content/dam/fom-website/drivers/E/ESTOCO01_Esteban_Ocon/estoco01.png.transform/1col/image.png,
16.0,10,52.0,0.0,False,False,False,,+1 LAP,1268,9912,1268,9912,P GASLY,Pierre GASLY,GAS,Alpine,00A1E8,Pierre,Gasly,https://media.formula1.com/d_driver_fallback_image.png/content/dam/fom-website/drivers/P/PIEGAS01_Pierre_Gasly/piegas01.png.transform/1col/image.png,
17.0,43,52.0,0.0,False,False,False,,+1 LAP,1268,9912,1268,9912,F COLAPINTO,Franco COLAPINTO,COL,Alpine,00A1E8,Franco,Colapinto,,
18.0,18,52.0,0.0,False,False,False,,+1 LAP,1268,9912,1268,9912,L STROLL,Lance STROLL,STR,Aston Martin,229971,Lance,Stroll,https://media.formula1.com/d_driver_fallback_image.png/content/dam/fom-website/drivers/L/LANSTR01_Lance_Stroll/lanstr01.png.transform/1col/image.png,
,14,24.0,0.0,True,False,False,,,1268,9912,1268,9912,F ALONSO,Fernando ALONSO,ALO,Aston Martin,229971,Fernando,Alonso,https://media.formula1.com/d_driver_fallback_image.png/content/dam/fom-website/drivers/F/FERALO01_Fernando_Alonso/feralo01.png.transform/1col/image.png,
,27,0.0,0.0,False,True,False,,,1268,9912,1268,9912,N HULKENBERG,Nico HULKENBERG,HUL,Kick Sauber,01C00E,Nico,Hulkenberg,https://media.formula1.com/d_driver_fallback_image.png/content/dam/fom-website/drivers/N/NICHUL01_Nico_Hulkenberg/nichul01.png.transform/1col/image.png,
1.0,1,51.0,25.0,False,False,False,5606.408,0,1269,9904,1269,9904,M VERSTAPPEN,Max VERSTAPPEN,VER,Red Bull Racing,4781D7,Max,Verstappen,https://media.formula1.com/d_driver_fallback_image.png/content/dam/fom-website/drivers/M/MAXVER01_Max_Verstappen/maxver01.png.transform/1col/image.png,
2.0,63,51.0,18.0,False,False,False,5621.017,14.609,1269,9904,1269,9904,G RUSSELL,George RUSSELL,RUS,Mercedes,00D7B6,George,Russell,https://media.formula1.com/d_driver_fallback_image.png/content/dam/fom-website/drivers/G/GEORUS01_George_Russell/georus01.png.transform/1col/image.png,
3.0,55,51.0,15.0,False,False,False,5625.607,19.199,1269,9904,1269,9904,C SAINZ,Carlos SAINZ,SAI,Williams,1868DB,Carlos,Sainz,https://media.formula1.com/d_driver_fallback_image.png/content/dam/fom-website/drivers/C/CARSAI01_Carlos_Sainz/carsai01.png.transform/1col/image.png,
4.0,12,51.0,12.0,False,False,False,5628.168,21.76,1269,9904,1269,9904,K ANTONELLI,Kimi ANTONELLI,ANT,Mercedes,00D7B6,Kimi,Antonelli,https://media.formula1.com/d_driver_fallback_image.png/content/dam/fom-website/drivers/A/ANDANT01_Andrea%20Kimi_Antonelli/andant01.png.transform/1col/image.png,
5.0,30,51.0,10.0,False,False,False,5639.698,33.29,1269,9904,1269,9904,L LAWSON,Liam LAWSON,LAW,Racing Bulls,6C98FF,Liam,Lawson,https://media.formula1.com/d_driver_fallback_image.png/content/dam/fom-website/drivers/L/LIALAW01_Liam_Lawson/lialaw01.png.transform/1col/image.png,
6.0,22,51.0,8.0,False,False,False,5640.216,33.808,1269,9904,1269,9904,Y TSUNODA,Yuki TSUNODA,TSU,Red Bull Racing,4781D7,Yuki,Tsunoda,https://media.formula1.com/d_driver_fallback_image.png/content/dam/fom-website/drivers/Y/YUKTSU01_Yuki_Tsunoda/yuktsu01.png.transform/1col/image.png,
7.0,4,51.0,6.0,False,False,False,5640.635,34.227,1269,9904,1269,9904,L NORRIS,Lando NORRIS,NOR,McLaren,F47600,Lando,Norris,https://media.formula1.com/d_driver_fallback_image.png/content/dam/fom-website/drivers/L/LANNOR01_Lando_Norris/lannor01.png.transform/1col/image.png,
8.0,44,51.0,4.0,False,False,False,5642.718,36.31,1269,9904,1269,9904,L HAMILTON,Lewis HAMILTON,HAM,Ferrari,ED1131,Lewis,Hamilton,https://media.formula1.com/d_driver_fallback_image.png/content/dam/fom-website/drivers/L/LEWHAM01_Lewis_Hamilton/lewham01.png.transform/1col/image.png,
9.0,16,51.0,2.0,False,False,False,5643.182,36.774,1269,9904,1269,9904,C LECLERC,Charles LECLERC,LEC,Ferrari,ED1131,Charles,Leclerc,https://media.formula1.com/d_driver_fallback_image.png/content/dam/fom-website/drivers/C/CHALEC01_Charles_Leclerc/chalec01.png.transform/1col/image.png,
10.0,6,51.0,1.0,False,False,False,5645.39,38.982,1269,9904,1269,9904,I HADJAR,Isack HADJAR,HAD,Racing Bulls,6C98FF,Isack,Hadjar,https://media.formula1.com/d_driver_fallback_image.png/content/dam/fom-website/drivers/I/ISAHAD01_Isack_Hadjar/isahad01.png.transform/1col/image.png,
11.0,5,51.0,0.0,False,False,False,5674.014,67.606,1269,9904,1269,9904,G BORTOLETO,Gabriel BORTOLETO,BOR,Kick Sauber,01C00E,Gabriel,Bortoleto,https://media.formula1.com/d_driver_fallback_image.png/content/dam/fom-website/drivers/G/GABBOR01_Gabriel_Bortoleto/gabbor01.png.transform/1col/image.png,
12.0,87,51.0,0.0,False,False,False,5674.67,68.262,1269,9904,1269,9904,O BEARMAN,Oliver BEARMAN,BEA,Haas F1 Team,9C9FA2,Oliver,Bearman,https://media.formula1.com/d_driver_fallback_image.png/content/dam/fom-website/drivers/O/OLIBEA01_Oliver_Bearman/olibea01.png.transform/1col/image.png,
13.0,23,51.0,0.0,False,False,False,5679.278,72.87,1269,9904,1269,9904,A ALBON,Alexander ALBON,ALB,Williams,1868DB,Alexander,Albon,https://media.formula1.com/d_driver_fallback_image.png/content/dam/fom-website/drivers/A/ALEALB01_Alexander_Albon/alealb01.png.transform/1col/image.png,
14.0,31,51.0,0.0,False,False,False,5683.988,77.58,1269,9904,1269,9904,E OCON,Esteban OCON,OCO,Haas F1 Team,9C9FA2,Esteban,Ocon,https://media.formula1.com/d_driver_fallback_image.png/content/dam/fom-website/drivers/E/ESTOCO01_Esteban_Ocon/estoco01.png.transform/1col/image.png,
15.0,14,51.0,0.0,False,False,False,5685.115,78.707,1269,9904,1269,9904,F ALONSO,Fernando ALONSO,ALO,Aston Martin,229971,Fernando,Alonso,https://media.formula1.com/d_driver_fallback_image.png/content/dam/fom-website/drivers/F/FERALO01_Fernando_Alonso/feralo01.png.transform/1col/image.png,
16.0,27,51.0,0.0,False,False,False,5686.645,80.237,1269,9904,1269,9904,N HULKENBERG,Nico HULKENBERG,HUL,Kick Sauber,01C00E,Nico,Hulkenberg,https://media.formula1.com/d_driver_fallback_image.png/content/dam/fom-website/drivers/N/NICHUL01_Nico_Hulkenberg/nichul01.png.transform/1col/image.png,
17.0,18,51.0,0.0,False,False,False,5702.8,96.392,1269,9904,1269,9904,L STROLL,Lance STROLL,STR,Aston Martin,229971,Lance,Stroll,https://media.formula1.com/d_driver_fallback_image.png/content/dam/fom-website/drivers/L/LANSTR01_Lance_Stroll/lanstr01.png.transform/1col/image.png,
18.0,10,50.0,0.0,False,False,False,,+1 LAP,1269,9904,1269,9904,P GASLY,Pierre GASLY,GAS,Alpine,00A1E8,Pierre,Gasly,https://media.formula1.com/d_driver_fallback_image.png/content/dam/fom-website/drivers/P/PIEGAS01_Pierre_Gasly/piegas01.png.transform/1col/image.png,
19.0,43,50.0,0.0,False,False,False,,+1 LAP,1269,9904,1269,9904,F COLAPINTO,Franco COLAPINTO,COL,Alpine,00A1E8,Franco,Colapinto,,
,81,0.0,0.0,True,False,False,,,1269,9904,1269,9904,O PIASTRI,Oscar PIASTRI,PIA,McLaren,F47600,Oscar,Piastri,https://media.formula1.com/d_driver_fallback_image.png/content/dam/fom-website/drivers/O/OSCPIA01_Oscar_Piastri/oscpia01.png.transform/1col/image.png,
1.0,63,62.0,25.0,False,False,False,6022.367,0,1270,9896,1270,9896,G RUSSELL,George RUSSELL,RUS,Mercedes,00D7B6,George,Russell,https://media.formula1.com/d_driver_fallback_image.png/content/dam/fom-website/drivers/G/GEORUS01_George_Russell/georus01.png.transform/1col/image.png,
2.0,1,62.0,18.0,False,False,False,6027.797,5.43,1270,9896,1270,9896,M VERSTAPPEN,Max VERSTAPPEN,VER,Red Bull Racing,4781D7,Max,Verstappen,https://media.formula1.com/d_driver_fallback_image.png/content/dam/fom-website/drivers/M/MAXVER01_Max_Verstappen/maxver01.png.transform/1col/image.png,
3.0,4,62.0,15.0,False,False,False,6028.433,6.066,1270,9896,1270,9896,L NORRIS,Lando NORRIS,NOR,McLaren,F47600,Lando,Norris,https://media.formula1.com/d_driver_fallback_image.png/content/dam/fom-website/drivers/L/LANNOR01_Lando_Norris/lannor01.png.transform/1col/image.png,
4.0,81,62.0,12.0,False,False,False,6030.513,8.146,1270,9896,1270,9896,O PIASTRI,Oscar PIASTRI,PIA,McLaren,F47600,Oscar,Piastri,https://media.formula1.com/d_driver_fallback_image.png/content/dam/fom-website/drivers/O/OSCPIA01_Oscar_Piastri/oscpia01.png.transform/1col/image.png,
5.0,12,62.0,10.0,False,False,False,6056.048,33.681,1270,9896,1270,9896,K ANTONELLI,Kimi ANTONELLI,ANT,Mercedes,00D7B6,Kimi,Antonelli,https://media.formula1.com/d_driver_fallback_image.png/content/dam/fom-website/drivers/A/ANDANT01_Andrea%20Kimi_Antonelli/andant01.png.transform/1col/image.png,
6.0,16,62.0,8.0,False,False,False,6068.363,45.996,1270,9896,1270,9896,C LECLERC,Charles LECLERC,LEC,Ferrari,ED1131,Charles,Leclerc,https://media.formula1.com/d_driver_fallback_image.png/content/dam/fom-website/drivers/C/CHALEC01_Charles_Leclerc/chalec01.png.transform/1col/image.png,
7.0,14,62.0,6.0,False,False,False,6103.034,80.667,1270,9896,1270,9896,F ALONSO,Fernando ALONSO,ALO,Aston Martin,229971,Fernando,Alonso,https://media.formula1.com/d_driver_fallback_image.png/content/dam/fom-website/drivers/F/FERALO01_Fernando_Alonso/feralo01.png.transform/1col/image.png,
8.0,44,62.0,4.0,False,False,False,6107.618,85.251,1270,9896,1270,9896,L HAMILTON,Lewis HAMILTON,HAM,Ferrari,ED1131,Lewis,Hamilton,https://media.formula1.com/d_driver_fallback_image.png/content/dam/fom-website/drivers/L/LEWHAM01_Lewis_Hamilton/lewham01.png.transform/1col/image.png,
9.0,87,62.0,2.0,False,False,False,6115.894,93.527,1270,9896,1270,9896,O BEARMAN,Oliver BEARMAN,BEA,Haas F1 Team,9C9FA2,Oliver,Bearman,https://media.formula1.com/d_driver_fallback_image.png/content/dam/fom-website/drivers/O/OLIBEA01_Oliver_Bearman/olibea01.png.transform/1col/image.png,
10.0,55,61.0,1.0,False,False,False,,+1 LAP,1270,9896,1270,9896,C SAINZ,Carlos SAINZ,SAI,Williams,1868DB,Carlos,Sainz,https://media.formula1.com/d_driver_fallback_image.png/content/dam/fom-website/drivers/C/CARSAI01_Carlos_Sainz/carsai01.png.transform/1col/image.png,
11.0,6,61.0,0.0,False,False,False,,+1 LAP,1270,9896,1270,9896,I HADJAR,Isack HADJAR,HAD,Racing Bulls,6C98FF,Isack,Hadjar,https://media.formula1.com/d_driver_fallback_image.png/content/dam/fom-website/drivers/I/ISAHAD01_Isack_Hadjar/isahad01.png.transform/1col/image.png,
12.0,22,61.0,0.0,False,False,False,,+1 LAP,1270,9896,1270,9896,Y TSUNODA,Yuki TSUNODA,TSU,Red Bull Racing,4781D7,Yuki,Tsunoda,https://media.formula1.com/d_driver_fallback_image.png/content/dam/fom-website/drivers/Y/YUKTSU01_Yuki_Tsunoda/yuktsu01.png.transform/1col/image.png,
13.0,18,61.0,0.0,False,False,False,,+1 LAP,1270,9896,1270,9896,L STROLL,Lance STROLL,STR,Aston Martin,229971,Lance,Stroll,https://media.formula1.com/d_driver_fallback_image.png/content/dam/fom-website/drivers/L/LANSTR01_Lance_Stroll/lanstr01.png.transform/1col/image.png,
14.0,23,61.0,0.0,False,False,False,,+1 LAP,1270,9896,1270,9896,A ALBON,Alexander ALBON,ALB,Williams,1868DB,Alexander,Albon,https://media.formula1.com/d_driver_fallback_image.png/content/dam/fom-website/drivers/A/ALEALB01_Alexander_Albon/alealb01.png.transform/1col/image.png,
15.0,30,61.0,0.0,False,False,False,,+1 LAP,1270,9896,1270,9896,L LAWSON,Liam LAWSON,LAW,Racing Bulls,6C98FF,Liam,Lawson,https://media.formula1.com/d_driver_fallback_image.png/content/dam/fom-website/drivers/L/LIALAW01_Liam_Lawson/lialaw01.png.transform/1col/image.png,
16.0,43,61.0,0.0,False,False,False,,+1 LAP,1270,9896,1270,9896,F COLAPINTO,Franco COLAPINTO,COL,Alpine,00A1E8,Franco,Colapinto,,
17.0,5,61.0,0.0,False,False,False,,+1 LAP,1270,9896,1270,9896,G BORTOLETO,Gabriel BORTOLETO,BOR,Kick Sauber,01C00E,Gabriel,Bortoleto,https://media.formula1.com/d_driver_fallback_image.png/content/dam/fom-website/drivers/G/GABBOR01_Gabriel_Bortoleto/gabbor01.png.transform/1col/image.png,
18.0,31,61.0,0.0,False,False,False,,+1 LAP,1270,9896,1270,9896,E OCON,Esteban OCON,OCO,Haas F1 Team,9C9FA2,Esteban,Ocon,https://media.formula1.com/d_driver_fallback_image.png/content/dam/fom-website/drivers/E/ESTOCO01_Esteban_Ocon/estoco01.png.transform/1col/image.png,
19.0,10,61.0,0.0,False,False,False,,+1 LAP,1270,9896,1270,9896,P GASLY,Pierre GASLY,GAS,Alpine,00A1E8,Pierre,Gasly,https://media.formula1.com/d_driver_fallback_image.png/content/dam/fom-website/drivers/P/PIEGAS01_Pierre_Gasly/piegas01.png.transform/1col/image.png,
20.0,27,61.0,0.0,False,False,False,,+1 LAP,1270,9896,1270,9896,N HULKENBERG,Nico HULKENBERG,HUL,Kick Sauber,01C00E,Nico,Hulkenberg,https://media.formula1.com/d_driver_fallback_image.png/content/dam/fom-website/drivers/N/NICHUL01_Nico_Hulkenberg/nichul01.png.transform/1col/image.png,
1.0,1,56.0,25.0,False,False,False,5640.161,0,1271,9888,1271,9888,M VERSTAPPEN,Max VERSTAPPEN,VER,Red Bull Racing,4781D7,Max,Verstappen,https://media.formula1.com/d_driver_fallback_image.png/content/dam/fom-website/drivers/M/MAXVER01_Max_Verstappen/maxver01.png.transform/1col/image.png,
2.0,4,56.0,18.0,False,False,False,5648.12,7.959,1271,9888,1271,9888,L NORRIS,Lando NORRIS,NOR,McLaren,F47600,Lando,Norris,https://media.formula1.com/d_driver_fallback_image.png/content/dam/fom-website/drivers/L/LANNOR01_Lando_Norris/lannor01.png.transform/1col/image.png,
3.0,16,56.0,15.0,False,False,False,5655.534,15.373,1271,9888,1271,9888,C LECLERC,Charles LECLERC,LEC,Ferrari,ED1131,Charles,Leclerc,https://media.formula1.com/d_driver_fallback_image.png/content/dam/fom-website/drivers/C/CHALEC01_Charles_Leclerc/chalec01.png.transform/1col/image.png,
4.0,44,56.0,12.0,False,False,False,5668.697,28.536,1271,9888,1271,9888,L HAMILTON,Lewis HAMILTON,HAM,Ferrari,ED1131,Lewis,Hamilton,https://media.formula1.com/d_driver_fallback_image.png/content/dam/fom-website/drivers/L/LEWHAM01_Lewis_Hamilton/lewham01.png.transform/1col/image.png,
5.0,81,56.0,10.0,False,False,False,5669.839,29.678,1271,9888,1271,9888,O PIASTRI,Oscar PIASTRI,PIA,McLaren,F47600,Oscar,Piastri,https://media.formula1.com/d_driver_fallback_image.png/content/dam/fom-website/drivers/O/OSCPIA01_Oscar_Piastri/oscpia01.png.transform/1col/image.png,
6.0,63,56.0,8.0,False,False,False,5673.617,33.456,1271,9888,1271,9888,G RUSSELL,George RUSSELL,RUS,Mercedes,00D7B6,George,Russell,https://media.formula1.com/d_driver_fallback_image.png/content/dam/fom-website/drivers/G/GEORUS01_George_Russell/georus01.png.transform/1col/image.png,
7.0,22,56.0,6.0,False,False,False,5692.875,52.714,1271,9888,1271,9888,Y TSUNODA,Yuki TSUNODA,TSU,Red Bull Racing,4781D7,Yuki,Tsunoda,https://media.formula1.com/d_driver_fallback_image.png/content/dam/fom-website/drivers/Y/YUKTSU01_Yuki_Tsunoda/yuktsu01.png.transform/1col/image.png,
8.0,27,56.0,4.0,False,False,False,5697.41,57.249,1271,9888,1271,9888,N HULKENBERG,Nico HULKENBERG,HUL,Kick Sauber,01C00E,Nico,Hulkenberg,https://media.formula1.com/d_driver_fallback_image.png/content/dam/fom-website/drivers/N/NICHUL01_Nico_Hulkenberg/nichul01.png.transform/1col/image.png,
9.0,87,56.0,2.0,False,False,False,5704.883,64.722,1271,9888,1271,9888,O BEARMAN,Oliver BEARMAN,BEA,Haas F1 Team,9C9FA2,Oliver,Bearman,https://media.formula1.com/d_driver_fallback_image.png/content/dam/fom-website/drivers/O/OLIBEA01_Oliver_Bearman/olibea01.png.transform/1col/image.png,
10.0,14,56.0,1.0,False,False,False,5710.162,70.001,1271,9888,1271,9888,F ALONSO,Fernando ALONSO,ALO,Aston Martin,229971,Fernando,Alonso,https://media.formula1.com/d_driver_fallback_image.png/content/dam/fom-website/drivers/F/FERALO01_Fernando_Alonso/feralo01.png.transform/1col/image.png,
11.0,30,56.0,0.0,False,False,False,5713.37,73.209,1271,9888,1271,9888,L LAWSON,Liam LAWSON,LAW,Racing Bulls,6C98FF,Liam,Lawson,https://media.formula1.com/d_driver_fallback_image.png/content/dam/fom-website/drivers/L/LIALAW01_Liam_Lawson/lialaw01.png.transform/1col/image.png,
12.0,18,56.0,0.0,False,False,False,5714.939,74.778,1271,9888,1271,9888,L STROLL,Lance STROLL,STR,Aston Martin,229971,Lance,Stroll,https://media.formula1.com/d_driver_fallback_image.png/content/dam/fom-website/drivers/L/LANSTR01_Lance_Stroll/lanstr01.png.transform/1col/image.png,
13.0,12,56.0,0.0,False,False,False,5715.907,75.746,1271,9888,1271,9888,K ANTONELLI,Kimi ANTONELLI,ANT,Mercedes,00D7B6,Kimi,Antonelli,https://media.formula1.com/d_driver_fallback_image.png/content/dam/fom-website/drivers/A/ANDANT01_Andrea%20Kimi_Antonelli/andant01.png.transform/1col/image.png,
14.0,23,56.0,0.0,False,False,False,5720.161,80.0,1271,9888,1271,9888,A ALBON,Alexander ALBON,ALB,Williams,1868DB,Alexander,Albon,https://media.formula1.com/d_driver_fallback_image.png/content/dam/fom-website/drivers/A/ALEALB01_Alexander_Albon/alealb01.png.transform/1col/image.png,
15.0,31,56.0,0.0,False,False,False,5723.204,83.043,1271,9888,1271,9888,E OCON,Esteban OCON,OCO,Haas F1 Team,9C9FA2,Esteban,Ocon,https://media.formula1.com/d_driver_fallback_image.png/content/dam/fom-website/drivers/E/ESTOCO01_Esteban_Ocon/estoco01.png.transform/1col/image.png,
16.0,6,56.0,0.0,False,False,False,5732.968,92.807,1271,9888,1271,9888,I HADJAR,Isack HADJAR,HAD,Racing Bulls,6C98FF,Isack,Hadjar,https://media.formula1.com/d_driver_fallback_image.png/content/dam/fom-website/drivers/I/ISAHAD01_Isack_Hadjar/isahad01.png.transform/1col/image.png,
17.0,43,55.0,0.0,False,False,False,,+1 LAP,1271,9888,1271,9888,F COLAPINTO,Franco COLAPINTO,COL,Alpine,00A1E8,Franco,Colapinto,,
18.0,5,55.0,0.0,False,False,False,,+1 LAP,1271,9888,1271,9888,G BORTOLETO,Gabriel BORTOLETO,BOR,Kick Sauber,01C00E,Gabriel,Bortoleto,https://media.formula1.com/d_driver_fallback_image.png/content/dam/fom-website/drivers/G/GABBOR01_Gabriel_Bortoleto/gabbor01.png.transform/1col/image.png,
19.0,10,55.0,0.0,False,False,False,,+1 LAP,1271,9888,1271,9888,P GASLY,Pierre GASLY,GAS,Alpine,00A1E8,Pierre,Gasly,https://media.formula1.com/d_driver_fallback_image.png/content/dam/fom-website/drivers/P/PIEGAS01_Pierre_Gasly/piegas01.png.transform/1col/image.png,
,55,5.0,0.0,True,False,False,,,1271,9888,1271,9888,C SAINZ,Carlos SAINZ,SAI,Williams,1868DB,Carlos,Sainz,https://media.formula1.com/d_driver_fallback_image.png/content/dam/fom-website/drivers/C/CARSAI01_Carlos_Sainz/carsai01.png.transform/1col/image.png,
1.0,4,71.0,25.0,False,False,False,5878.574,0,1272,9877,1272,9877,L NORRIS,Lando NORRIS,NOR,McLaren,F47600,Lando,Norris,https://media.formula1.com/d_driver_fallback_image.png/content/dam/fom-website/drivers/L/LANNOR01_Lando_Norris/lannor01.png.transform/1col/image.png,
2.0,16,71.0,18.0,False,False,False,5908.898,30.324,1272,9877,1272,9877,C LECLERC,Charles LECLERC,LEC,Ferrari,ED1131,Charles,Leclerc,https://media.formula1.com/d_driver_fallback_image.png/content/dam/fom-website/drivers/C/CHALEC01_Charles_Leclerc/chalec01.png.transform/1col/image.png,
3.0,1,71.0,15.0,False,False,False,5909.623,31.049,1272,9877,1272,9877,M VERSTAPPEN,Max VERSTAPPEN,VER,Red Bull Racing,4781D7,Max,Verstappen,https://media.formula1.com/d_driver_fallback_image.png/content/dam/fom-website/drivers/M/MAXVER01_Max_Verstappen/maxver01.png.transform/1col/image.png,
4.0,87,71.0,12.0,False,False,False,5919.529,40.955,1272,9877,1272,9877,O BEARMAN,Oliver BEARMAN,BEA,Haas F1 Team,9C9FA2,Oliver,Bearman,https://media.formula1.com/d_driver_fallback_image.png/content/dam/fom-website/drivers/O/OLIBEA01_Oliver_Bearman/olibea01.png.transform/1col/image.png,
5.0,81,71.0,10.0,False,False,False,5920.639,42.065,1272,9877,1272,9877,O PIASTRI,Oscar PIASTRI,PIA,McLaren,F47600,Oscar,Piastri,https://media.formula1.com/d_driver_fallback_image.png/content/dam/fom-website/drivers/O/OSCPIA01_Oscar_Piastri/oscpia01.png.transform/1col/image.png,
6.0,12,71.0,8.0,False,False,False,5926.411,47.837,1272,9877,1272,9877,K ANTONELLI,Kimi ANTONELLI,ANT,Mercedes,00D7B6,Kimi,Antonelli,https://media.formula1.com/d_driver_fallback_image.png/content/dam/fom-website/drivers/A/ANDANT01_Andrea%20Kimi_Antonelli/andant01.png.transform/1col/image.png,
7.0,63,71.0,6.0,False,False,False,5928.861,50.287,1272,9877,1272,9877,G RUSSELL,George RUSSELL,RUS,Mercedes,00D7B6,George,Russell,https://media.formula1.com/d_driver_fallback_image.png/content/dam/fom-website/drivers/G/GEORUS01_George_Russell/georus01.png.transform/1col/image.png,
8.0,44,71.0,4.0,False,False,False,5935.02,56.446,1272,9877,1272,9877,L HAMILTON,Lewis HAMILTON,HAM,Ferrari,ED1131,Lewis,Hamilton,https://media.formula1.com/d_driver_fallback_image.png/content/dam/fom-website/drivers/L/LEWHAM01_Lewis_Hamilton/lewham01.png.transform/1col/image.png,
9.0,31,71.0,2.0,False,False,False,5954.038,75.464,1272,9877,1272,9877,E OCON,Esteban OCON,OCO,Haas F1 Team,9C9FA2,Esteban,Ocon,https://media.formula1.com/d_driver_fallback_image.png/content/dam/fom-website/drivers/E/ESTOCO01_Esteban_Ocon/estoco01.png.transform/1col/image.png,
10.0,5,71.0,1.0,False,False,False,5955.437,76.863,1272,9877,1272,9877,G BORTOLETO,Gabriel BORTOLETO,BOR,Kick Sauber,01C00E,Gabriel,Bortoleto,https://media.formula1.com/d_driver_fallback_image.png/content/dam/fom-website/drivers/G/GABBOR01_Gabriel_Bortoleto/gabbor01.png.transform/1col/image.png,
11.0,22,71.0,0.0,False,False,False,5957.622,79.048,1272,9877,1272,9877,Y TSUNODA,Yuki TSUNODA,TSU,Red Bull Racing,4781D7,Yuki,Tsunoda,https://media.formula1.com/d_driver_fallback_image.png/content/dam/fom-website/drivers/Y/YUKTSU01_Yuki_Tsunoda/yuktsu01.png.transform/1col/image.png,
12.0,23,70.0,0.0,False,False,False,,+1 LAP,1272,9877,1272,9877,A ALBON,Alexander ALBON,ALB,Williams,1868DB,Alexander,Albon,https://media.formula1.com/d_driver_fallback_image.png/content/dam/fom-website/drivers/A/ALEALB01_Alexander_Albon/alealb01.png.transform/1col/image.png,
13.0,6,70.0,0.0,False,False,False,,+1 LAP,1272,9877,1272,9877,I HADJAR,Isack HADJAR,HAD,Racing Bulls,6C98FF,Isack,Hadjar,https://media.formula1.com/d_driver_fallback_image.png/content/dam/fom-website/drivers/I/ISAHAD01_Isack_Hadjar/isahad01.png.transform/1col/image.png,
14.0,18,70.0,0.0,False,False,False,,+1 LAP,1272,9877,1272,9877,L STROLL,Lance STROLL,STR,Aston Martin,229971,Lance,Stroll,https://media.formula1.com/d_driver_fallback_image.png/content/dam/fom-website/drivers/L/LANSTR01_Lance_Stroll/lanstr01.png.transform/1col/image.png,
15.0,10,70.0,0.0,False,False,False,,+1 LAP,1272,9877,1272,9877,P GASLY,Pierre GASLY,GAS,Alpine,00A1E8,Pierre,Gasly,https://media.formula1.com/d_driver_fallback_image.png/content/dam/fom-website/drivers/P/PIEGAS01_Pierre_Gasly/piegas01.png.transform/1col/image.png,
16.0,43,70.0,0.0,False,False,False,,+1 LAP,1272,9877,1272,9877,F COLAPINTO,Franco COLAPINTO,COL,Alpine,00A1E8,Franco,Colapinto,,
17.0,55,67.0,0.0,True,False,False,,,1272,9877,1272,9877,C SAINZ,Carlos SAINZ,SAI,Williams,1868DB,Carlos,Sainz,https://media.formula1.com/d_driver_fallback_image.png/content/dam/fom-website/drivers/C/CARSAI01_Carlos_Sainz/carsai01.png.transform/1col/image.png,
,14,34.0,0.0,True,False,False,,,1272,9877,1272,9877,F ALONSO,Fernando ALONSO,ALO,Aston Martin,229971,Fernando,Alonso,https://media.formula1.com/d_driver_fallback_image.png/content/dam/fom-website/drivers/F/FERALO01_Fernando_Alonso/feralo01.png.transform/1col/image.png,
,27,25.0,0.0,True,False,False,,,1272,9877,1272,9877,N HULKENBERG,Nico HULKENBERG,HUL,Kick Sauber,01C00E,Nico,Hulkenberg,https://media.formula1.com/d_driver_fallback_image.png/content/dam/fom-website/drivers/N/NICHUL01_Nico_Hulkenberg/nichul01.png.transform/1col/image.png,
,30,5.0,0.0,True,False,False,,,1272,9877,1272,9877,L LAWSON,Liam LAWSON,LAW,Racing Bulls,6C98FF,Liam,Lawson,https://media.formula1.com/d_driver_fallback_image.png/content/dam/fom-website/drivers/L/LIALAW01_Liam_Lawson/lialaw01.png.transform/1col/image.png,
1.0,4,71.0,25.0,False,False,False,5521.596,0.0,1273,9869,1273,9869,L NORRIS,Lando NORRIS,NOR,McLaren,F47600,Lando,Norris,https://media.formula1.com/d_driver_fallback_image.png/content/dam/fom-website/drivers/L/LANNOR01_Lando_Norris/lannor01.png.transform/1col/image.png,
2.0,12,71.0,18.0,False,False,False,5531.984,10.388,1273,9869,1273,9869,K ANTONELLI,Kimi ANTONELLI,ANT,Mercedes,00D7B6,Kimi,Antonelli,https://media.formula1.com/d_driver_fallback_image.png/content/dam/fom-website/drivers/A/ANDANT01_Andrea%20Kimi_Antonelli/andant01.png.transform/1col/image.png,
3.0,1,71.0,15.0,False,False,False,5532.346,10.75,1273,9869,1273,9869,M VERSTAPPEN,Max VERSTAPPEN,VER,Red Bull Racing,4781D7,Max,Verstappen,https://media.formula1.com/d_driver_fallback_image.png/content/dam/fom-website/drivers/M/MAXVER01_Max_Verstappen/maxver01.png.transform/1col/image.png,
4.0,63,71.0,12.0,False,False,False,5536.863,15.267,1273,9869,1273,9869,G RUSSELL,George RUSSELL,RUS,Mercedes,00D7B6,George,Russell,https://media.formula1.com/d_driver_fallback_image.png/content/dam/fom-website/drivers/G/GEORUS01_George_Russell/georus01.png.transform/1col/image.png,
5.0,81,71.0,10.0,False,False,False,5537.345,15.749,1273,9869,1273,9869,O PIASTRI,Oscar PIASTRI,PIA,McLaren,F47600,Oscar,Piastri,https://media.formula1.com/d_driver_fallback_image.png/content/dam/fom-website/drivers/O/OSCPIA01_Oscar_Piastri/oscpia01.png.transform/1col/image.png,
6.0,87,71.0,8.0,False,False,False,5551.226,29.63,1273,9869,1273,9869,O BEARMAN,Oliver BEARMAN,BEA,Haas F1 Team,9C9FA2,Oliver,Bearman,https://media.formula1.com/d_driver_fallback_image.png/content/dam/fom-website/drivers/O/OLIBEA01_Oliver_Bearman/olibea01.png.transform/1col/image.png,
7.0,30,71.0,6.0,False,False,False,5574.238,52.642,1273,9869,1273,9869,L LAWSON,Liam LAWSON,LAW,Racing Bulls,6C98FF,Liam,Lawson,https://media.formula1.com/d_driver_fallback_image.png/content/dam/fom-website/drivers/L/LIALAW01_Liam_Lawson/lialaw01.png.transform/1col/image.png,
8.0,6,71.0,4.0,False,False,False,5574.469,52.873,1273,9869,1273,9869,I HADJAR,Isack HADJAR,HAD,Racing Bulls,6C98FF,Isack,Hadjar,https://media.formula1.com/d_driver_fallback_image.png/content/dam/fom-website/drivers/I/ISAHAD01_Isack_Hadjar/isahad01.png.transform/1col/image.png,
9.0,27,71.0,2.0,False,False,False,5574.92,53.324,1273,9869,1273,9869,N HULKENBERG,Nico HULKENBERG,HUL,Kick Sauber,01C00E,Nico,Hulkenberg,https://media.formula1.com/d_driver_fallback_image.png/content/dam/fom-website/drivers/N/NICHUL01_Nico_Hulkenberg/nichul01.png.transform/1col/image.png,
10.0,10,71.0,1.0,False,False,False,5575.51,53.914,1273,9869,1273,9869,P GASLY,Pierre GASLY,GAS,Alpine,00A1E8,Pierre,Gasly,https://media.formula1.com/d_driver_fallback_image.png/content/dam/fom-website/drivers/P/PIEGAS01_Pierre_Gasly/piegas01.png.transform/1col/image.png,
11.0,23,71.0,0.0,False,False,False,5575.78,54.184,1273,9869,1273,9869,A ALBON,Alexander ALBON,ALB,Williams,1868DB,Alexander,Albon,https://media.formula1.com/d_driver_fallback_image.png/content/dam/fom-website/drivers/A/ALEALB01_Alexander_Albon/alealb01.png.transform/1col/image.png,
12.0,31,71.0,0.0,False,False,False,5576.292,54.696,1273,9869,1273,9869,E OCON,Esteban OCON,OCO,Haas F1 Team,9C9FA2,Esteban,Ocon,https://media.formula1.com/d_driver_fallback_image.png/content/dam/fom-website/drivers/E/ESTOCO01_Esteban_Ocon/estoco01.png.transform/1col/image.png,
13.0,55,71.0,0.0,False,False,False,5577.016,55.42,1273,9869,1273,9869,C SAINZ,Carlos SAINZ,SAI,Williams,1868DB,Carlos,Sainz,https://media.formula1.com/d_driver_fallback_image.png/content/dam/fom-website/drivers/C/CARSAI01_Carlos_Sainz/carsai01.png.transform/1col/image.png,
14.0,14,71.0,0.0,False,False,False,5577.362,55.766,1273,9869,1273,9869,F ALONSO,Fernando ALONSO,ALO,Aston Martin,229971,Fernando,Alonso,https://media.formula1.com/d_driver_fallback_image.png/content/dam/fom-website/drivers/F/FERALO01_Fernando_Alonso/feralo01.png.transform/1col/image.png,
15.0,43,71.0,0.0,False,False,False,5579.373,57.777,1273,9869,1273,9869,F COLAPINTO,Franco COLAPINTO,COL,Alpine,00A1E8,Franco,Colapinto,,
16.0,18,71.0,0.0,False,False,False,5579.843,58.247,1273,9869,1273,9869,L STROLL,Lance STROLL,STR,Aston Martin,229971,Lance,Stroll,https://media.formula1.com/d_driver_fallback_image.png/content/dam/fom-website/drivers/L/LANSTR01_Lance_Stroll/lanstr01.png.transform/1col/image.png,
17.0,22,71.0,0.0,False,False,False,5590.772,69.176,1273,9869,1273,9869,Y TSUNODA,Yuki TSUNODA,TSU,Red Bull Racing,4781D7,Yuki,Tsunoda,https://media.formula1.com/d_driver_fallback_image.png/content/dam/fom-website/drivers/Y/YUKTSU01_Yuki_Tsunoda/yuktsu01.png.transform/1col/image.png,
,44,37.0,0.0,True,False,False,,,1273,9869,1273,9869,L HAMILTON,Lewis HAMILTON,HAM,Ferrari,ED1131,Lewis,Hamilton,https://media.formula1.com/d_driver_fallback_image.png/content/dam/fom-website/drivers/L/LEWHAM01_Lewis_Hamilton/lewham01.png.transform/1col/image.png,
,16,5.0,0.0,True,False,False,,,1273,9869,1273,9869,C LECLERC,Charles LECLERC,LEC,Ferrari,ED1131,Charles,Leclerc,https://media.formula1.com/d_driver_fallback_image.png/content/dam/fom-website/drivers/C/CHALEC01_Charles_Leclerc/chalec01.png.transform/1col/image.png,
,5,0.0,0.0,True,False,False,,,1273,9869,1273,9869,G BORTOLETO,Gabriel BORTOLETO,BOR,Kick Sauber,01C00E,Gabriel,Bortoleto,https://media.formula1.com/d_driver_fallback_image.png/content/dam/fom-website/drivers/G/GABBOR01_Gabriel_Bortoleto/gabbor01.png.transform/1col/image.png,
1.0,1,50.0,25.0,False,False,False,4868.429,0,1274,9858,1274,9858,M VERSTAPPEN,Max VERSTAPPEN,VER,Red Bull Racing,4781D7,Max,Verstappen,https://media.formula1.com/d_driver_fallback_image.png/content/dam/fom-website/drivers/M/MAXVER01_Max_Verstappen/maxver01.png.transform/1col/image.png,
2.0,63,50.0,18.0,False,False,False,4891.975,23.546,1274,9858,1274,9858,G RUSSELL,George RUSSELL,RUS,Mercedes,00D7B6,George,Russell,https://media.formula1.com/d_driver_fallback_image.png/content/dam/fom-website/drivers/G/GEORUS01_George_Russell/georus01.png.transform/1col/image.png,
3.0,12,50.0,15.0,False,False,False,4898.917,30.488,1274,9858,1274,9858,K ANTONELLI,Kimi ANTONELLI,ANT,Mercedes,00D7B6,Kimi,Antonelli,https://media.formula1.com/d_driver_fallback_image.png/content/dam/fom-website/drivers/A/ANDANT01_Andrea%20Kimi_Antonelli/andant01.png.transform/1col/image.png,
4.0,16,50.0,12.0,False,False,False,4899.107,30.678,1274,9858,1274,9858,C LECLERC,Charles LECLERC,LEC,Ferrari,ED1131,Charles,Leclerc,https://media.formula1.com/d_driver_fallback_image.png/content/dam/fom-website/drivers/C/CHALEC01_Charles_Leclerc/chalec01.png.transform/1col/image.png,
5.0,55,50.0,10.0,False,False,False,4903.353,34.924,1274,9858,1274,9858,C SAINZ,Carlos SAINZ,SAI,Williams,1868DB,Carlos,Sainz,https://media.formula1.com/d_driver_fallback_image.png/content/dam/fom-website/drivers/C/CARSAI01_Carlos_Sainz/carsai01.png.transform/1col/image.png,
6.0,6,50.0,8.0,False,False,False,4913.686,45.257,1274,9858,1274,9858,I HADJAR,Isack HADJAR,HAD,Racing Bulls,6C98FF,Isack,Hadjar,https://media.formula1.com/d_driver_fallback_image.png/content/dam/fom-website/drivers/I/ISAHAD01_Isack_Hadjar/isahad01.png.transform/1col/image.png,
7.0,27,50.0,6.0,False,False,False,4919.563,51.134,1274,9858,1274,9858,N HULKENBERG,Nico HULKENBERG,HUL,Kick Sauber,01C00E,Nico,Hulkenberg,https://media.formula1.com/d_driver_fallback_image.png/content/dam/fom-website/drivers/N/NICHUL01_Nico_Hulkenberg/nichul01.png.transform/1col/image.png,
8.0,44,50.0,4.0,False,False,False,4927.798,59.369,1274,9858,1274,9858,L HAMILTON,Lewis HAMILTON,HAM,Ferrari,ED1131,Lewis,Hamilton,https://media.formula1.com/d_driver_fallback_image.png/content/dam/fom-website/drivers/L/LEWHAM01_Lewis_Hamilton/lewham01.png.transform/1col/image.png,
9.0,31,50.0,2.0,False,False,False,4929.064,60.635,1274,9858,1274,9858,E OCON,Esteban OCON,OCO,Haas F1 Team,9C9FA2,Esteban,Ocon,https://media.formula1.com/d_driver_fallback_image.png/content/dam/fom-website/drivers/E/ESTOCO01_Esteban_Ocon/estoco01.png.transform/1col/image.png,
10.0,87,50.0,1.0,False,False,False,4938.978,70.549,1274,9858,1274,9858,O BEARMAN,Oliver BEARMAN,BEA,Haas F1 Team,9C9FA2,Oliver,Bearman,https://media.formula1.com/d_driver_fallback_image.png/content/dam/fom-website/drivers/O/OLIBEA01_Oliver_Bearman/olibea01.png.transform/1col/image.png,
11.0,14,50.0,0.0,False,False,False,4953.737,85.308,1274,9858,1274,9858,F ALONSO,Fernando ALONSO,ALO,Aston Martin,229971,Fernando,Alonso,https://media.formula1.com/d_driver_fallback_image.png/content/dam/fom-website/drivers/F/FERALO01_Fernando_Alonso/feralo01.png.transform/1col/image.png,
12.0,22,50.0,0.0,False,False,False,4955.403,86.974,1274,9858,1274,9858,Y TSUNODA,Yuki TSUNODA,TSU,Red Bull Racing,4781D7,Yuki,Tsunoda,https://media.formula1.com/d_driver_fallback_image.png/content/dam/fom-website/drivers/Y/YUKTSU01_Yuki_Tsunoda/yuktsu01.png.transform/1col/image.png,
13.0,10,50.0,0.0,False,False,False,4960.131,91.702,1274,9858,1274,9858,P GASLY,Pierre GASLY,GAS,Alpine,00A1E8,Pierre,Gasly,https://media.formula1.com/d_driver_fallback_image.png/content/dam/fom-website/drivers/P/PIEGAS01_Pierre_Gasly/piegas01.png.transform/1col/image.png,
14.0,30,49.0,0.0,False,False,False,,+1 LAP,1274,9858,1274,9858,L LAWSON,Liam LAWSON,LAW,Racing Bulls,6C98FF,Liam,Lawson,https://media.formula1.com/d_driver_fallback_image.png/content/dam/fom-website/drivers/L/LIALAW01_Liam_Lawson/lialaw01.png.transform/1col/image.png,
15.0,43,49.0,0.0,False,False,False,,+1 LAP,1274,9858,1274,9858,F COLAPINTO,Franco COLAPINTO,COL,Alpine,00A1E8,Franco,Colapinto,,
,23,35.0,0.0,True,False,False,,,1274,9858,1274,9858,A ALBON,Alexander ALBON,ALB,Williams,1868DB,Alexander,Albon,https://media.formula1.com/d_driver_fallback_image.png/content/dam/fom-website/drivers/A/ALEALB01_Alexander_Albon/alealb01.png.transform/1col/image.png,
,5,2.0,0.0,True,False,False,,,1274,9858,1274,9858,G BORTOLETO,Gabriel BORTOLETO,BOR,Kick Sauber,01C00E,Gabriel,Bortoleto,https://media.formula1.com/d_driver_fallback_image.png/content/dam/fom-website/drivers/G/GABBOR01_Gabriel_Bortoleto/gabbor01.png.transform/1col/image.png,
,18,0.0,0.0,True,False,False,,,1274,9858,1274,9858,L STROLL,Lance STROLL,STR,Aston Martin,229971,Lance,Stroll,https://media.formula1.com/d_driver_fallback_image.png/content/dam/fom-website/drivers/L/LANSTR01_Lance_Stroll/lanstr01.png.transform/1col/image.png,
,4,,0.0,False,False,True,,,1274,9858,1274,9858,L NORRIS,Lando NORRIS,NOR,McLaren,F47600,Lando,Norris,https://media.formula1.com/d_driver_fallback_image.png/content/dam/fom-website/drivers/L/LANNOR01_Lando_Norris/lannor01.png.transform/1col/image.png,
,81,,0.0,False,False,True,,,1274,9858,1274,9858,O PIASTRI,Oscar PIASTRI,PIA,McLaren,F47600,Oscar,Piastri,https://media.formula1.com/d_driver_fallback_image.png/content/dam/fom-website/drivers/O/OSCPIA01_Oscar_Piastri/oscpia01.png.transform/1col/image.png,
1.0,1,57.0,25.0,False,False,False,5078.241,0,1275,9850,1275,9850,M VERSTAPPEN,Max VERSTAPPEN,VER,Red Bull Racing,4781D7,Max,Verstappen,https://media.formula1.com/d_driver_fallback_image.png/content/dam/fom-website/drivers/M/MAXVER01_Max_Verstappen/maxver01.png.transform/1col/image.png,
2.0,81,57.0,18.0,False,False,False,5086.236,7.995,1275,9850,1275,9850,O PIASTRI,Oscar PIASTRI,PIA,McLaren,F47600,Oscar,Piastri,https://media.formula1.com/d_driver_fallback_image.png/content/dam/fom-website/drivers/O/OSCPIA01_Oscar_Piastri/oscpia01.png.transform/1col/image.png,
3.0,55,57.0,15.0,False,False,False,5100.906,22.665,1275,9850,1275,9850,C SAINZ,Carlos SAINZ,SAI,Williams,1868DB,Carlos,Sainz,https://media.formula1.com/d_driver_fallback_image.png/content/dam/fom-website/drivers/C/CARSAI01_Carlos_Sainz/carsai01.png.transform/1col/image.png,
4.0,4,57.0,12.0,False,False,False,5101.556,23.315,1275,9850,1275,9850,L NORRIS,Lando NORRIS,NOR,McLaren,F47600,Lando,Norris,https://media.formula1.com/d_driver_fallback_image.png/content/dam/fom-website/drivers/L/LANNOR01_Lando_Norris/lannor01.png.transform/1col/image.png,
5.0,12,57.0,10.0,False,False,False,5106.558,28.317,1275,9850,1275,9850,K ANTONELLI,Kimi ANTONELLI,ANT,Mercedes,00D7B6,Kimi,Antonelli,https://media.formula1.com/d_driver_fallback_image.png/content/dam/fom-website/drivers/A/ANDANT01_Andrea%20Kimi_Antonelli/andant01.png.transform/1col/image.png,
6.0,63,57.0,8.0,False,False,False,5126.84,48.599,1275,9850,1275,9850,G RUSSELL,George RUSSELL,RUS,Mercedes,00D7B6,George,Russell,https://media.formula1.com/d_driver_fallback_image.png/content/dam/fom-website/drivers/G/GEORUS01_George_Russell/georus01.png.transform/1col/image.png,
7.0,14,57.0,6.0,False,False,False,5132.286,54.045,1275,9850,1275,9850,F ALONSO,Fernando ALONSO,ALO,Aston Martin,229971,Fernando,Alonso,https://media.formula1.com/d_driver_fallback_image.png/content/dam/fom-website/drivers/F/FERALO01_Fernando_Alonso/feralo01.png.transform/1col/image.png,
8.0,16,57.0,4.0,False,False,False,5135.026,56.785,1275,9850,1275,9850,C LECLERC,Charles LECLERC,LEC,Ferrari,ED1131,Charles,Leclerc,https://media.formula1.com/d_driver_fallback_image.png/content/dam/fom-website/drivers/C/CHALEC01_Charles_Leclerc/chalec01.png.transform/1col/image.png,
9.0,30,57.0,2.0,False,False,False,5138.314,60.073,1275,9850,1275,9850,L LAWSON,Liam LAWSON,LAW,Racing Bulls,6C98FF,Liam,Lawson,https://media.formula1.com/d_driver_fallback_image.png/content/dam/fom-website/drivers/L/LIALAW01_Liam_Lawson/lialaw01.png.transform/1col/image.png,
10.0,22,57.0,1.0,False,False,False,5140.011,61.77,1275,9850,1275,9850,Y TSUNODA,Yuki TSUNODA,TSU,Red Bull Racing,4781D7,Yuki,Tsunoda,https://media.formula1.com/d_driver_fallback_image.png/content/dam/fom-website/drivers/Y/YUKTSU01_Yuki_Tsunoda/yuktsu01.png.transform/1col/image.png,
11.0,23,57.0,0.0,False,False,False,5145.172,66.931,1275,9850,1275,9850,A ALBON,Alexander ALBON,ALB,Williams,1868DB,Alexander,Albon,https://media.formula1.com/d_driver_fallback_image.png/content/dam/fom-website/drivers/A/ALEALB01_Alexander_Albon/alealb01.png.transform/1col/image.png,
12.0,44,57.0,0.0,False,False,False,5155.971,77.73,1275,9850,1275,9850,L HAMILTON,Lewis HAMILTON,HAM,Ferrari,ED1131,Lewis,Hamilton,https://media.formula1.com/d_driver_fallback_image.png/content/dam/fom-website/drivers/L/LEWHAM01_Lewis_Hamilton/lewham01.png.transform/1col/image.png,
13.0,5,57.0,0.0,False,False,False,5163.053,84.812,1275,9850,1275,9850,G BORTOLETO,Gabriel BORTOLETO,BOR,Kick Sauber,01C00E,Gabriel,Bortoleto,https://media.formula1.com/d_driver_fallback_image.png/content/dam/fom-website/drivers/G/GABBOR01_Gabriel_Bortoleto/gabbor01.png.transform/1col/image.png,
14.0,43,56.0,0.0,False,False,False,,+1 LAP,1275,9850,1275,9850,F COLAPINTO,Franco COLAPINTO,COL,Alpine,00A1E8,Franco,Colapinto,,
15.0,31,56.0,0.0,False,False,False,,+1 LAP,1275,9850,1275,9850,E OCON,Esteban OCON,OCO,Haas F1 Team,9C9FA2,Esteban,Ocon,https://media.formula1.com/d_driver_fallback_image.png/content/dam/fom-website/drivers/E/ESTOCO01_Esteban_Ocon/estoco01.png.transform/1col/image.png,
16.0,10,56.0,0.0,False,False,False,,+1 LAP,1275,9850,1275,9850,P GASLY,Pierre GASLY,GAS,Alpine,00A1E8,Pierre,Gasly,https://media.formula1.com/d_driver_fallback_image.png/content/dam/fom-website/drivers/P/PIEGAS01_Pierre_Gasly/piegas01.png.transform/1col/image.png,
17.0,18,55.0,0.0,True,False,False,,,1275,9850,1275,9850,L STROLL,Lance STROLL,STR,Aston Martin,229971,Lance,Stroll,https://media.formula1.com/d_driver_fallback_image.png/content/dam/fom-website/drivers/L/LANSTR01_Lance_Stroll/lanstr01.png.transform/1col/image.png,
18.0,6,55.0,0.0,True,False,False,,,1275,9850,1275,9850,I HADJAR,Isack HADJAR,HAD,Racing Bulls,6C98FF,Isack,Hadjar,https://media.formula1.com/d_driver_fallback_image.png/content/dam/fom-website/drivers/I/ISAHAD01_Isack_Hadjar/isahad01.png.transform/1col/image.png,
,87,41.0,0.0,True,False,False,,,1275,9850,1275,9850,O BEARMAN,Oliver BEARMAN,BEA,Haas F1 Team,9C9FA2,Oliver,Bearman,https://media.formula1.com/d_driver_fallback_image.png/content/dam/fom-website/drivers/O/OLIBEA01_Oliver_Bearman/olibea01.png.transform/1col/image.png,
,27,6.0,0.0,True,False,False,,,1275,9850,1275,9850,N HULKENBERG,Nico HULKENBERG,HUL,Kick Sauber,01C00E,Nico,Hulkenberg,https://media.formula1.com/d_driver_fallback_image.png/content/dam/fom-website/drivers/N/NICHUL01_Nico_Hulkenberg/nichul01.png.transform/1col/image.png,
1.0,1,58.0,25.0,False,False,False,5167.469,0,1276,9839,1276,9839,M VERSTAPPEN,Max VERSTAPPEN,VER,Red Bull Racing,4781D7,Max,Verstappen,https://media.formula1.com/d_driver_fallback_image.png/content/dam/fom-website/drivers/M/MAXVER01_Max_Verstappen/maxver01.png.transform/1col/image.png,
2.0,81,58.0,18.0,False,False,False,5180.063,12.594,1276,9839,1276,9839,O PIASTRI,Oscar PIASTRI,PIA,McLaren,F47600,Oscar,Piastri,https://media.formula1.com/d_driver_fallback_image.png/content/dam/fom-website/drivers/O/OSCPIA01_Oscar_Piastri/oscpia01.png.transform/1col/image.png,
3.0,4,58.0,15.0,False,False,False,5184.041,16.572,1276,9839,1276,9839,L NORRIS,Lando NORRIS,NOR,McLaren,F47600,Lando,Norris,https://media.formula1.com/d_driver_fallback_image.png/content/dam/fom-website/drivers/L/LANNOR01_Lando_Norris/lannor01.png.transform/1col/image.png,
4.0,16,58.0,12.0,False,False,False,5190.748,23.279,1276,9839,1276,9839,C LECLERC,Charles LECLERC,LEC,Ferrari,ED1131,Charles,Leclerc,https://media.formula1.com/d_driver_fallback_image.png/content/dam/fom-website/drivers/C/CHALEC01_Charles_Leclerc/chalec01.png.transform/1col/image.png,
5.0,63,58.0,10.0,False,False,False,5216.032,48.563,1276,9839,1276,9839,G RUSSELL,George RUSSELL,RUS,Mercedes,00D7B6,George,Russell,https://media.formula1.com/d_driver_fallback_image.png/content/dam/fom-website/drivers/G/GEORUS01_George_Russell/georus01.png.transform/1col/image.png,
6.0,14,58.0,8.0,False,False,False,5235.031,67.562,1276,9839,1276,9839,F ALONSO,Fernando ALONSO,ALO,Aston Martin,229971,Fernando,Alonso,https://media.formula1.com/d_driver_fallback_image.png/content/dam/fom-website/drivers/F/FERALO01_Fernando_Alonso/feralo01.png.transform/1col/image.png,
7.0,31,58.0,6.0,False,False,False,5237.345,69.876,1276,9839,1276,9839,E OCON,Esteban OCON,OCO,Haas F1 Team,9C9FA2,Esteban,Ocon,https://media.formula1.com/d_driver_fallback_image.png/content/dam/fom-website/drivers/E/ESTOCO01_Esteban_Ocon/estoco01.png.transform/1col/image.png,
8.0,44,58.0,4.0,False,False,False,5240.139,72.67,1276,9839,1276,9839,L HAMILTON,Lewis HAMILTON,HAM,Ferrari,ED1131,Lewis,Hamilton,https://media.formula1.com/d_driver_fallback_image.png/content/dam/fom-website/drivers/L/LEWHAM01_Lewis_Hamilton/lewham01.png.transform/1col/image.png,
9.0,27,58.0,2.0,False,False,False,5246.483,79.014,1276,9839,1276,9839,N HULKENBERG,Nico HULKENBERG,HUL,Kick Sauber,01C00E,Nico,Hulkenberg,https://media.formula1.com/d_driver_fallback_image.png/content/dam/fom-website/drivers/N/NICHUL01_Nico_Hulkenberg/nichul01.png.transform/1col/image.png,
10.0,18,58.0,1.0,False,False,False,5246.992,79.523,1276,9839,1276,9839,L STROLL,Lance STROLL,STR,Aston Martin,229971,Lance,Stroll,https://media.formula1.com/d_driver_fallback_image.png/content/dam/fom-website/drivers/L/LANSTR01_Lance_Stroll/lanstr01.png.transform/1col/image.png,
11.0,5,58.0,0.0,False,False,False,5248.512,81.043,1276,9839,1276,9839,G BORTOLETO,Gabriel BORTOLETO,BOR,Kick Sauber,01C00E,Gabriel,Bortoleto,https://media.formula1.com/d_driver_fallback_image.png/content/dam/fom-website/drivers/G/GABBOR01_Gabriel_Bortoleto/gabbor01.png.transform/1col/image.png,
12.0,87,58.0,0.0,False,False,False,5248.635,81.166,1276,9839,1276,9839,O BEARMAN,Oliver BEARMAN,BEA,Haas F1 Team,9C9FA2,Oliver,Bearman,https://media.formula1.com/d_driver_fallback_image.png/content/dam/fom-website/drivers/O/OLIBEA01_Oliver_Bearman/olibea01.png.transform/1col/image.png,
13.0,55,58.0,0.0,False,False,False,5249.627,82.158,1276,9839,1276,9839,C SAINZ,Carlos SAINZ,SAI,Williams,1868DB,Carlos,Sainz,https://media.formula1.com/d_driver_fallback_image.png/content/dam/fom-website/drivers/C/CARSAI01_Carlos_Sainz/carsai01.png.transform/1col/image.png,
14.0,22,58.0,0.0,False,False,False,5251.263,83.794,1276,9839,1276,9839,Y TSUNODA,Yuki TSUNODA,TSU,Red Bull Racing,4781D7,Yuki,Tsunoda,https://media.formula1.com/d_driver_fallback_image.png/content/dam/fom-website/drivers/Y/YUKTSU01_Yuki_Tsunoda/yuktsu01.png.transform/1col/image.png,
15.0,12,58.0,0.0,False,False,False,5251.868,84.399,1276,9839,1276,9839,K ANTONELLI,Kimi ANTONELLI,ANT,Mercedes,00D7B6,Kimi,Antonelli,https://media.formula1.com/d_driver_fallback_image.png/content/dam/fom-website/drivers/A/ANDANT01_Andrea%20Kimi_Antonelli/andant01.png.transform/1col/image.png,
16.0,23,58.0,0.0,False,False,False,5257.796,90.327,1276,9839,1276,9839,A ALBON,Alexander ALBON,ALB,Williams,1868DB,Alexander,Albon,https://media.formula1.com/d_driver_fallback_image.png/content/dam/fom-website/drivers/A/ALEALB01_Alexander_Albon/alealb01.png.transform/1col/image.png,
17.0,6,57.0,0.0,False,False,False,,+1 LAP,1276,9839,1276,9839,I HADJAR,Isack HADJAR,HAD,Racing Bulls,6C98FF,Isack,Hadjar,https://media.formula1.com/d_driver_fallback_image.png/content/dam/fom-website/drivers/I/ISAHAD01_Isack_Hadjar/isahad01.png.transform/1col/image.png,
18.0,30,57.0,0.0,False,False,False,,+1 LAP,1276,9839,1276,9839,L LAWSON,Liam LAWSON,LAW,Racing Bulls,6C98FF,Liam,Lawson,https://media.formula1.com/d_driver_fallback_image.png/content/dam/fom-website/drivers/L/LIALAW01_Liam_Lawson/lialaw01.png.transform/1col/image.png,
19.0,10,57.0,0.0,False,False,False,,+1 LAP,1276,9839,1276,9839,P GASLY,Pierre GASLY,GAS,Alpine,00A1E8,Pierre,Gasly,https://media.formula1.com/d_driver_fallback_image.png/content/dam/fom-website/drivers/P/PIEGAS01_Pierre_Gasly/piegas01.png.transform/1col/image.png,
20.0,43,57.0,0.0,False,False,False,,+1 LAP,1276,9839,1276,9839,F COLAPINTO,Franco COLAPINTO,COL,Alpine,00A1E8,Franco,Colapinto,,
